ISO-10303-21;
HEADER;
/* Generated by software containing ST-Developer
 * from STEP Tools, Inc. (www.steptools.com) 
 */
/* OPTION: using custom renumber hook */

FILE_DESCRIPTION(
/* description */ ('STEP AP242 Edition 2',
'CAx-IF Rec.Pracs.---Representation and Presentation of Product Manufa
cturing Information (PMI)---4.0---2014-10-13',
'CAx-IF Rec.Pracs.---3D Tessellated Geometry---0.4---2014-09-14','2;1',
'CAx-IF Rec.Pracs.---User Defined Attributes---1.5---2016-08-15'),
/* implementation_level */ '2;1');

FILE_NAME(
/* name */ 'DMG OLED - DMG154OLEDBRACKETUSBA',
/* time_stamp */ '2026-09-28T22:31:02Z',
/* author */ (''),
/* organization */ (''),
/* preprocessor_version */ 'ST-DEVELOPER v20',
/* originating_system */ 'ONSHAPE BY PTC INC, 1.221',
/* authorisation */ '  ');

FILE_SCHEMA (('AP242_MANAGED_MODEL_BASED_3D_ENGINEERING_MIM_LF { 1 0 10303 442 3 1 4 }'));
ENDSEC;

DATA;
#10=SHAPE_REPRESENTATION_RELATIONSHIP('','',#2951,#11);
#11=ADVANCED_BREP_SHAPE_REPRESENTATION('',(#2949),#4867);
#12=CONICAL_SURFACE('',#3041,0.00235,0.785398163397436);
#13=CONICAL_SURFACE('',#3053,0.00255,0.785398163397436);
#14=CONICAL_SURFACE('',#3068,0.00235,0.785398163397454);
#15=CONICAL_SURFACE('',#3077,0.00235,0.785398163397445);
#16=CONICAL_SURFACE('',#3080,0.00255,0.785398163397454);
#17=CONICAL_SURFACE('',#3089,0.00255,0.785398163397445);
#18=CONICAL_SURFACE('',#3115,0.00255,0.785398163397436);
#19=CONICAL_SURFACE('',#3116,0.00255,0.785398163397454);
#20=CONICAL_SURFACE('',#3123,0.00235,0.785398163397436);
#21=CONICAL_SURFACE('',#3128,0.00235,0.785398163397454);
#22=CONICAL_SURFACE('',#3146,0.0032,0.785398163397443);
#23=CONICAL_SURFACE('',#3160,0.003,0.785398163397443);
#24=CONICAL_SURFACE('',#3177,0.0012,0.785398163397451);
#25=CONICAL_SURFACE('',#3178,0.0012,0.785398163397451);
#26=CONICAL_SURFACE('',#3179,0.0028,0.785398163397449);
#27=CONICAL_SURFACE('',#3180,0.0028,0.785398163397452);
#28=CONICAL_SURFACE('',#3181,0.0022,0.785398163397449);
#29=CONICAL_SURFACE('',#3182,0.0022,0.78539816339745);
#30=ELLIPSE('',#3035,0.00353553390593275,0.0025);
#31=ELLIPSE('',#3036,0.00353553390593275,0.0025);
#32=B_SPLINE_CURVE_WITH_KNOTS('',3,(#4474,#4475,#4476,#4477),
 .UNSPECIFIED.,.F.,.F.,(4,4),(0.,0.000426893310593783),.UNSPECIFIED.);
#33=B_SPLINE_CURVE_WITH_KNOTS('',3,(#4481,#4482,#4483,#4484),
 .UNSPECIFIED.,.F.,.F.,(4,4),(0.00765715746337508,0.00808864270108333),
 .UNSPECIFIED.);
#34=B_SPLINE_CURVE_WITH_KNOTS('',3,(#4485,#4486,#4487,#4488),
 .UNSPECIFIED.,.F.,.F.,(4,4),(0.,0.000426893310593779),.UNSPECIFIED.);
#35=B_SPLINE_CURVE_WITH_KNOTS('',3,(#4492,#4493,#4494,#4495),
 .UNSPECIFIED.,.F.,.F.,(4,4),(0.00765715746337509,0.00808864270108336),
 .UNSPECIFIED.);
#36=B_SPLINE_CURVE_WITH_KNOTS('',3,(#4498,#4499,#4500,#4501),
 .UNSPECIFIED.,.F.,.F.,(4,4),(0.,0.000283306588699714),.UNSPECIFIED.);
#37=B_SPLINE_CURVE_WITH_KNOTS('',3,(#4510,#4511,#4512,#4513),
 .UNSPECIFIED.,.F.,.F.,(4,4),(0.,0.000283306588699714),.UNSPECIFIED.);
#38=B_SPLINE_CURVE_WITH_KNOTS('',3,(#4528,#4529,#4530,#4531),
 .UNSPECIFIED.,.F.,.F.,(4,4),(0.,0.000283306588699714),.UNSPECIFIED.);
#39=B_SPLINE_CURVE_WITH_KNOTS('',3,(#4542,#4543,#4544,#4545),
 .UNSPECIFIED.,.F.,.F.,(4,4),(0.,0.000283306588699714),.UNSPECIFIED.);
#40=B_SPLINE_CURVE_WITH_KNOTS('',3,(#4560,#4561,#4562,#4563),
 .UNSPECIFIED.,.F.,.F.,(4,4),(0.,0.000283306588699751),.UNSPECIFIED.);
#41=B_SPLINE_CURVE_WITH_KNOTS('',3,(#4581,#4582,#4583,#4584),
 .UNSPECIFIED.,.F.,.F.,(4,4),(0.,0.000283306588699714),.UNSPECIFIED.);
#42=B_SPLINE_CURVE_WITH_KNOTS('',3,(#4591,#4592,#4593,#4594),
 .UNSPECIFIED.,.F.,.F.,(4,4),(0.,0.000283306588699714),.UNSPECIFIED.);
#43=B_SPLINE_CURVE_WITH_KNOTS('',3,(#4598,#4599,#4600,#4601),
 .UNSPECIFIED.,.F.,.F.,(4,4),(0.,0.000283306588699751),.UNSPECIFIED.);
#44=B_SPLINE_CURVE_WITH_KNOTS('',3,(#4610,#4611,#4612,#4613),
 .UNSPECIFIED.,.F.,.F.,(4,4),(0.,0.000283306588699712),.UNSPECIFIED.);
#45=B_SPLINE_CURVE_WITH_KNOTS('',3,(#4619,#4620,#4621,#4622),
 .UNSPECIFIED.,.F.,.F.,(4,4),(0.,0.000283306588699714),.UNSPECIFIED.);
#46=B_SPLINE_CURVE_WITH_KNOTS('',3,(#4632,#4633,#4634,#4635),
 .UNSPECIFIED.,.F.,.F.,(4,4),(0.,0.000283306588699714),.UNSPECIFIED.);
#47=B_SPLINE_CURVE_WITH_KNOTS('',3,(#4643,#4644,#4645,#4646),
 .UNSPECIFIED.,.F.,.F.,(4,4),(0.,0.000283306588699712),.UNSPECIFIED.);
#48=B_SPLINE_CURVE_WITH_KNOTS('',3,(#4691,#4692,#4693,#4694),
 .UNSPECIFIED.,.F.,.F.,(4,4),(0.,0.000283306588699714),.UNSPECIFIED.);
#49=B_SPLINE_CURVE_WITH_KNOTS('',3,(#4698,#4699,#4700,#4701),
 .UNSPECIFIED.,.F.,.F.,(4,4),(0.,0.000283306588699714),.UNSPECIFIED.);
#50=B_SPLINE_CURVE_WITH_KNOTS('',3,(#4709,#4710,#4711,#4712),
 .UNSPECIFIED.,.F.,.F.,(4,4),(0.,0.000283306588699714),.UNSPECIFIED.);
#51=B_SPLINE_CURVE_WITH_KNOTS('',3,(#4714,#4715,#4716,#4717),
 .UNSPECIFIED.,.F.,.F.,(4,4),(0.,0.000283306588699717),.UNSPECIFIED.);
#52=B_SPLINE_CURVE_WITH_KNOTS('',3,(#4723,#4724,#4725,#4726),
 .UNSPECIFIED.,.F.,.F.,(4,4),(0.,0.000283306588699714),.UNSPECIFIED.);
#53=B_SPLINE_CURVE_WITH_KNOTS('',3,(#4734,#4735,#4736,#4737),
 .UNSPECIFIED.,.F.,.F.,(4,4),(0.,0.000283306588699714),.UNSPECIFIED.);
#54=B_SPLINE_CURVE_WITH_KNOTS('',3,(#4739,#4740,#4741,#4742),
 .UNSPECIFIED.,.F.,.F.,(4,4),(0.,0.000283306588699714),.UNSPECIFIED.);
#55=B_SPLINE_CURVE_WITH_KNOTS('',3,(#4752,#4753,#4754,#4755),
 .UNSPECIFIED.,.F.,.F.,(4,4),(0.,0.000283306588699717),.UNSPECIFIED.);
#56=B_SPLINE_CURVE_WITH_KNOTS('',3,(#4795,#4796,#4797,#4798),
 .UNSPECIFIED.,.F.,.F.,(4,4),(0.,0.000309986689856973),.UNSPECIFIED.);
#57=B_SPLINE_CURVE_WITH_KNOTS('',3,(#4799,#4800,#4801,#4802),
 .UNSPECIFIED.,.F.,.F.,(4,4),(0.,0.000309986689856979),.UNSPECIFIED.);
#58=B_SPLINE_CURVE_WITH_KNOTS('',3,(#4826,#4827,#4828,#4829),
 .UNSPECIFIED.,.F.,.F.,(4,4),(0.,0.00030998668985698),.UNSPECIFIED.);
#59=B_SPLINE_CURVE_WITH_KNOTS('',3,(#4831,#4832,#4833,#4834),
 .UNSPECIFIED.,.F.,.F.,(4,4),(0.,0.000309986689856973),.UNSPECIFIED.);
#60=CYLINDRICAL_SURFACE('',#2981,0.00235);
#61=CYLINDRICAL_SURFACE('',#2989,0.00235);
#62=CYLINDRICAL_SURFACE('',#2994,0.00235);
#63=CYLINDRICAL_SURFACE('',#3000,0.003);
#64=CYLINDRICAL_SURFACE('',#3006,0.00235);
#65=CYLINDRICAL_SURFACE('',#3010,0.00235);
#66=CYLINDRICAL_SURFACE('',#3161,0.0025);
#67=CYLINDRICAL_SURFACE('',#3167,0.0025);
#68=CYLINDRICAL_SURFACE('',#3173,0.0009);
#69=CYLINDRICAL_SURFACE('',#3175,0.0009);
#70=CIRCLE('',#2954,0.0028);
#71=CIRCLE('',#2955,0.00255);
#72=CIRCLE('',#2956,0.00255);
#73=CIRCLE('',#2957,0.00255);
#74=CIRCLE('',#2958,0.0028);
#75=CIRCLE('',#2960,0.0032);
#76=CIRCLE('',#2961,0.00255);
#77=CIRCLE('',#2962,0.00255);
#78=CIRCLE('',#2964,0.0009);
#79=CIRCLE('',#2965,0.0009);
#80=CIRCLE('',#2966,0.00255);
#81=CIRCLE('',#2967,0.00255);
#82=CIRCLE('',#2968,0.00255);
#83=CIRCLE('',#2969,0.00255);
#84=CIRCLE('',#2970,0.00255);
#85=CIRCLE('',#2971,0.0032);
#86=CIRCLE('',#2982,0.00235);
#87=CIRCLE('',#2983,0.00235);
#88=CIRCLE('',#2990,0.00235);
#89=CIRCLE('',#2991,0.00235);
#90=CIRCLE('',#2995,0.00235);
#91=CIRCLE('',#2996,0.00235);
#92=CIRCLE('',#3001,0.003);
#93=CIRCLE('',#3002,0.003);
#94=CIRCLE('',#3007,0.00235);
#95=CIRCLE('',#3008,0.00235);
#96=CIRCLE('',#3011,0.00235);
#97=CIRCLE('',#3012,0.00235);
#98=CIRCLE('',#3162,0.0025);
#99=CIRCLE('',#3163,0.0025);
#100=CIRCLE('',#3165,0.0012);
#101=CIRCLE('',#3166,0.0022);
#102=CIRCLE('',#3168,0.0025);
#103=CIRCLE('',#3169,0.0025);
#104=CIRCLE('',#3171,0.0012);
#105=CIRCLE('',#3172,0.0022);
#106=CIRCLE('',#3174,0.0009);
#107=CIRCLE('',#3176,0.0009);
#108=ORIENTED_EDGE('',*,*,#904,.T.);
#109=ORIENTED_EDGE('',*,*,#905,.T.);
#110=ORIENTED_EDGE('',*,*,#906,.T.);
#111=ORIENTED_EDGE('',*,*,#907,.F.);
#112=ORIENTED_EDGE('',*,*,#908,.T.);
#113=ORIENTED_EDGE('',*,*,#909,.T.);
#114=ORIENTED_EDGE('',*,*,#910,.T.);
#115=ORIENTED_EDGE('',*,*,#911,.T.);
#116=ORIENTED_EDGE('',*,*,#912,.T.);
#117=ORIENTED_EDGE('',*,*,#913,.T.);
#118=ORIENTED_EDGE('',*,*,#914,.T.);
#119=ORIENTED_EDGE('',*,*,#915,.T.);
#120=ORIENTED_EDGE('',*,*,#916,.T.);
#121=ORIENTED_EDGE('',*,*,#917,.T.);
#122=ORIENTED_EDGE('',*,*,#918,.T.);
#123=ORIENTED_EDGE('',*,*,#919,.T.);
#124=ORIENTED_EDGE('',*,*,#920,.T.);
#125=ORIENTED_EDGE('',*,*,#921,.T.);
#126=ORIENTED_EDGE('',*,*,#922,.T.);
#127=ORIENTED_EDGE('',*,*,#923,.T.);
#128=ORIENTED_EDGE('',*,*,#924,.T.);
#129=ORIENTED_EDGE('',*,*,#925,.F.);
#130=ORIENTED_EDGE('',*,*,#926,.T.);
#131=ORIENTED_EDGE('',*,*,#927,.T.);
#132=ORIENTED_EDGE('',*,*,#928,.F.);
#133=ORIENTED_EDGE('',*,*,#929,.T.);
#134=ORIENTED_EDGE('',*,*,#930,.T.);
#135=ORIENTED_EDGE('',*,*,#931,.T.);
#136=ORIENTED_EDGE('',*,*,#932,.F.);
#137=ORIENTED_EDGE('',*,*,#933,.T.);
#138=ORIENTED_EDGE('',*,*,#934,.T.);
#139=ORIENTED_EDGE('',*,*,#935,.T.);
#140=ORIENTED_EDGE('',*,*,#936,.T.);
#141=ORIENTED_EDGE('',*,*,#937,.T.);
#142=ORIENTED_EDGE('',*,*,#938,.T.);
#143=ORIENTED_EDGE('',*,*,#939,.T.);
#144=ORIENTED_EDGE('',*,*,#940,.T.);
#145=ORIENTED_EDGE('',*,*,#941,.T.);
#146=ORIENTED_EDGE('',*,*,#942,.T.);
#147=ORIENTED_EDGE('',*,*,#943,.T.);
#148=ORIENTED_EDGE('',*,*,#944,.T.);
#149=ORIENTED_EDGE('',*,*,#945,.T.);
#150=ORIENTED_EDGE('',*,*,#946,.T.);
#151=ORIENTED_EDGE('',*,*,#947,.T.);
#152=ORIENTED_EDGE('',*,*,#948,.F.);
#153=ORIENTED_EDGE('',*,*,#949,.F.);
#154=ORIENTED_EDGE('',*,*,#950,.T.);
#155=ORIENTED_EDGE('',*,*,#951,.T.);
#156=ORIENTED_EDGE('',*,*,#952,.T.);
#157=ORIENTED_EDGE('',*,*,#953,.T.);
#158=ORIENTED_EDGE('',*,*,#954,.F.);
#159=ORIENTED_EDGE('',*,*,#955,.T.);
#160=ORIENTED_EDGE('',*,*,#956,.T.);
#161=ORIENTED_EDGE('',*,*,#957,.T.);
#162=ORIENTED_EDGE('',*,*,#958,.T.);
#163=ORIENTED_EDGE('',*,*,#959,.T.);
#164=ORIENTED_EDGE('',*,*,#960,.T.);
#165=ORIENTED_EDGE('',*,*,#961,.T.);
#166=ORIENTED_EDGE('',*,*,#962,.T.);
#167=ORIENTED_EDGE('',*,*,#963,.T.);
#168=ORIENTED_EDGE('',*,*,#964,.F.);
#169=ORIENTED_EDGE('',*,*,#965,.T.);
#170=ORIENTED_EDGE('',*,*,#966,.F.);
#171=ORIENTED_EDGE('',*,*,#967,.T.);
#172=ORIENTED_EDGE('',*,*,#968,.T.);
#173=ORIENTED_EDGE('',*,*,#969,.T.);
#174=ORIENTED_EDGE('',*,*,#970,.T.);
#175=ORIENTED_EDGE('',*,*,#971,.T.);
#176=ORIENTED_EDGE('',*,*,#972,.T.);
#177=ORIENTED_EDGE('',*,*,#973,.T.);
#178=ORIENTED_EDGE('',*,*,#974,.T.);
#179=ORIENTED_EDGE('',*,*,#975,.T.);
#180=ORIENTED_EDGE('',*,*,#976,.T.);
#181=ORIENTED_EDGE('',*,*,#977,.T.);
#182=ORIENTED_EDGE('',*,*,#978,.F.);
#183=ORIENTED_EDGE('',*,*,#979,.T.);
#184=ORIENTED_EDGE('',*,*,#980,.T.);
#185=ORIENTED_EDGE('',*,*,#981,.T.);
#186=ORIENTED_EDGE('',*,*,#982,.F.);
#187=ORIENTED_EDGE('',*,*,#983,.T.);
#188=ORIENTED_EDGE('',*,*,#984,.F.);
#189=ORIENTED_EDGE('',*,*,#985,.T.);
#190=ORIENTED_EDGE('',*,*,#986,.T.);
#191=ORIENTED_EDGE('',*,*,#987,.T.);
#192=ORIENTED_EDGE('',*,*,#988,.F.);
#193=ORIENTED_EDGE('',*,*,#989,.F.);
#194=ORIENTED_EDGE('',*,*,#990,.T.);
#195=ORIENTED_EDGE('',*,*,#991,.T.);
#196=ORIENTED_EDGE('',*,*,#992,.T.);
#197=ORIENTED_EDGE('',*,*,#993,.T.);
#198=ORIENTED_EDGE('',*,*,#994,.T.);
#199=ORIENTED_EDGE('',*,*,#995,.T.);
#200=ORIENTED_EDGE('',*,*,#996,.T.);
#201=ORIENTED_EDGE('',*,*,#997,.F.);
#202=ORIENTED_EDGE('',*,*,#998,.F.);
#203=ORIENTED_EDGE('',*,*,#999,.T.);
#204=ORIENTED_EDGE('',*,*,#1000,.T.);
#205=ORIENTED_EDGE('',*,*,#1001,.T.);
#206=ORIENTED_EDGE('',*,*,#1002,.T.);
#207=ORIENTED_EDGE('',*,*,#1003,.T.);
#208=ORIENTED_EDGE('',*,*,#1004,.T.);
#209=ORIENTED_EDGE('',*,*,#1005,.F.);
#210=ORIENTED_EDGE('',*,*,#1006,.F.);
#211=ORIENTED_EDGE('',*,*,#1007,.T.);
#212=ORIENTED_EDGE('',*,*,#1008,.T.);
#213=ORIENTED_EDGE('',*,*,#1009,.F.);
#214=ORIENTED_EDGE('',*,*,#1010,.T.);
#215=ORIENTED_EDGE('',*,*,#1011,.T.);
#216=ORIENTED_EDGE('',*,*,#1006,.T.);
#217=ORIENTED_EDGE('',*,*,#1012,.T.);
#218=ORIENTED_EDGE('',*,*,#1004,.F.);
#219=ORIENTED_EDGE('',*,*,#1013,.T.);
#220=ORIENTED_EDGE('',*,*,#982,.T.);
#221=ORIENTED_EDGE('',*,*,#1014,.T.);
#222=ORIENTED_EDGE('',*,*,#1015,.T.);
#223=ORIENTED_EDGE('',*,*,#1016,.T.);
#224=ORIENTED_EDGE('',*,*,#1017,.T.);
#225=ORIENTED_EDGE('',*,*,#1018,.T.);
#226=ORIENTED_EDGE('',*,*,#1019,.T.);
#227=ORIENTED_EDGE('',*,*,#1020,.T.);
#228=ORIENTED_EDGE('',*,*,#1021,.T.);
#229=ORIENTED_EDGE('',*,*,#1022,.T.);
#230=ORIENTED_EDGE('',*,*,#1023,.T.);
#231=ORIENTED_EDGE('',*,*,#1024,.T.);
#232=ORIENTED_EDGE('',*,*,#1025,.T.);
#233=ORIENTED_EDGE('',*,*,#1026,.T.);
#234=ORIENTED_EDGE('',*,*,#1027,.T.);
#235=ORIENTED_EDGE('',*,*,#1028,.T.);
#236=ORIENTED_EDGE('',*,*,#1029,.T.);
#237=ORIENTED_EDGE('',*,*,#1030,.T.);
#238=ORIENTED_EDGE('',*,*,#1031,.T.);
#239=ORIENTED_EDGE('',*,*,#1032,.T.);
#240=ORIENTED_EDGE('',*,*,#1033,.T.);
#241=ORIENTED_EDGE('',*,*,#1034,.T.);
#242=ORIENTED_EDGE('',*,*,#1035,.T.);
#243=ORIENTED_EDGE('',*,*,#1036,.T.);
#244=ORIENTED_EDGE('',*,*,#1037,.T.);
#245=ORIENTED_EDGE('',*,*,#1038,.T.);
#246=ORIENTED_EDGE('',*,*,#1039,.T.);
#247=ORIENTED_EDGE('',*,*,#1040,.T.);
#248=ORIENTED_EDGE('',*,*,#1041,.T.);
#249=ORIENTED_EDGE('',*,*,#1042,.T.);
#250=ORIENTED_EDGE('',*,*,#1043,.T.);
#251=ORIENTED_EDGE('',*,*,#1044,.T.);
#252=ORIENTED_EDGE('',*,*,#1045,.T.);
#253=ORIENTED_EDGE('',*,*,#1046,.T.);
#254=ORIENTED_EDGE('',*,*,#1047,.T.);
#255=ORIENTED_EDGE('',*,*,#1048,.T.);
#256=ORIENTED_EDGE('',*,*,#1049,.T.);
#257=ORIENTED_EDGE('',*,*,#1050,.T.);
#258=ORIENTED_EDGE('',*,*,#1051,.T.);
#259=ORIENTED_EDGE('',*,*,#1052,.T.);
#260=ORIENTED_EDGE('',*,*,#1053,.T.);
#261=ORIENTED_EDGE('',*,*,#1054,.T.);
#262=ORIENTED_EDGE('',*,*,#1055,.T.);
#263=ORIENTED_EDGE('',*,*,#1056,.T.);
#264=ORIENTED_EDGE('',*,*,#1057,.T.);
#265=ORIENTED_EDGE('',*,*,#1058,.T.);
#266=ORIENTED_EDGE('',*,*,#1059,.T.);
#267=ORIENTED_EDGE('',*,*,#1060,.T.);
#268=ORIENTED_EDGE('',*,*,#1061,.T.);
#269=ORIENTED_EDGE('',*,*,#1062,.T.);
#270=ORIENTED_EDGE('',*,*,#1063,.T.);
#271=ORIENTED_EDGE('',*,*,#1064,.T.);
#272=ORIENTED_EDGE('',*,*,#1065,.T.);
#273=ORIENTED_EDGE('',*,*,#1066,.T.);
#274=ORIENTED_EDGE('',*,*,#1067,.T.);
#275=ORIENTED_EDGE('',*,*,#1068,.T.);
#276=ORIENTED_EDGE('',*,*,#1069,.T.);
#277=ORIENTED_EDGE('',*,*,#1070,.T.);
#278=ORIENTED_EDGE('',*,*,#1071,.T.);
#279=ORIENTED_EDGE('',*,*,#1072,.T.);
#280=ORIENTED_EDGE('',*,*,#1073,.T.);
#281=ORIENTED_EDGE('',*,*,#1074,.T.);
#282=ORIENTED_EDGE('',*,*,#1075,.T.);
#283=ORIENTED_EDGE('',*,*,#1076,.T.);
#284=ORIENTED_EDGE('',*,*,#1077,.T.);
#285=ORIENTED_EDGE('',*,*,#1078,.T.);
#286=ORIENTED_EDGE('',*,*,#1079,.T.);
#287=ORIENTED_EDGE('',*,*,#1080,.T.);
#288=ORIENTED_EDGE('',*,*,#1081,.T.);
#289=ORIENTED_EDGE('',*,*,#1082,.T.);
#290=ORIENTED_EDGE('',*,*,#1083,.T.);
#291=ORIENTED_EDGE('',*,*,#1084,.T.);
#292=ORIENTED_EDGE('',*,*,#1085,.T.);
#293=ORIENTED_EDGE('',*,*,#1086,.T.);
#294=ORIENTED_EDGE('',*,*,#1087,.T.);
#295=ORIENTED_EDGE('',*,*,#1088,.T.);
#296=ORIENTED_EDGE('',*,*,#1089,.T.);
#297=ORIENTED_EDGE('',*,*,#1090,.T.);
#298=ORIENTED_EDGE('',*,*,#1091,.T.);
#299=ORIENTED_EDGE('',*,*,#1092,.T.);
#300=ORIENTED_EDGE('',*,*,#1093,.T.);
#301=ORIENTED_EDGE('',*,*,#1094,.T.);
#302=ORIENTED_EDGE('',*,*,#1095,.T.);
#303=ORIENTED_EDGE('',*,*,#1096,.T.);
#304=ORIENTED_EDGE('',*,*,#1097,.T.);
#305=ORIENTED_EDGE('',*,*,#1098,.T.);
#306=ORIENTED_EDGE('',*,*,#1099,.T.);
#307=ORIENTED_EDGE('',*,*,#1100,.T.);
#308=ORIENTED_EDGE('',*,*,#1101,.T.);
#309=ORIENTED_EDGE('',*,*,#1102,.T.);
#310=ORIENTED_EDGE('',*,*,#1008,.F.);
#311=ORIENTED_EDGE('',*,*,#1103,.T.);
#312=ORIENTED_EDGE('',*,*,#1104,.F.);
#313=ORIENTED_EDGE('',*,*,#1105,.F.);
#314=ORIENTED_EDGE('',*,*,#1106,.T.);
#315=ORIENTED_EDGE('',*,*,#1107,.T.);
#316=ORIENTED_EDGE('',*,*,#1108,.F.);
#317=ORIENTED_EDGE('',*,*,#1109,.T.);
#318=ORIENTED_EDGE('',*,*,#1108,.T.);
#319=ORIENTED_EDGE('',*,*,#1110,.T.);
#320=ORIENTED_EDGE('',*,*,#1111,.F.);
#321=ORIENTED_EDGE('',*,*,#1112,.F.);
#322=ORIENTED_EDGE('',*,*,#1111,.T.);
#323=ORIENTED_EDGE('',*,*,#1113,.T.);
#324=ORIENTED_EDGE('',*,*,#1114,.F.);
#325=ORIENTED_EDGE('',*,*,#1115,.F.);
#326=ORIENTED_EDGE('',*,*,#1114,.T.);
#327=ORIENTED_EDGE('',*,*,#1116,.T.);
#328=ORIENTED_EDGE('',*,*,#1106,.F.);
#329=ORIENTED_EDGE('',*,*,#1117,.T.);
#330=ORIENTED_EDGE('',*,*,#1115,.T.);
#331=ORIENTED_EDGE('',*,*,#1117,.F.);
#332=ORIENTED_EDGE('',*,*,#1109,.F.);
#333=ORIENTED_EDGE('',*,*,#1112,.T.);
#334=ORIENTED_EDGE('',*,*,#1105,.T.);
#335=ORIENTED_EDGE('',*,*,#1118,.F.);
#336=ORIENTED_EDGE('',*,*,#989,.T.);
#337=ORIENTED_EDGE('',*,*,#1119,.T.);
#338=ORIENTED_EDGE('',*,*,#1005,.T.);
#339=ORIENTED_EDGE('',*,*,#1014,.F.);
#340=ORIENTED_EDGE('',*,*,#985,.F.);
#341=ORIENTED_EDGE('',*,*,#1120,.T.);
#342=ORIENTED_EDGE('',*,*,#997,.T.);
#343=ORIENTED_EDGE('',*,*,#1121,.F.);
#344=ORIENTED_EDGE('',*,*,#1012,.F.);
#345=ORIENTED_EDGE('',*,*,#1009,.T.);
#346=ORIENTED_EDGE('',*,*,#988,.T.);
#347=ORIENTED_EDGE('',*,*,#1122,.T.);
#348=ORIENTED_EDGE('',*,*,#1002,.F.);
#349=ORIENTED_EDGE('',*,*,#1119,.F.);
#350=ORIENTED_EDGE('',*,*,#1104,.T.);
#351=ORIENTED_EDGE('',*,*,#1123,.T.);
#352=ORIENTED_EDGE('',*,*,#990,.F.);
#353=ORIENTED_EDGE('',*,*,#1118,.T.);
#354=ORIENTED_EDGE('',*,*,#984,.T.);
#355=ORIENTED_EDGE('',*,*,#1124,.T.);
#356=ORIENTED_EDGE('',*,*,#998,.T.);
#357=ORIENTED_EDGE('',*,*,#1120,.F.);
#358=ORIENTED_EDGE('',*,*,#996,.F.);
#359=ORIENTED_EDGE('',*,*,#1125,.T.);
#360=ORIENTED_EDGE('',*,*,#1010,.F.);
#361=ORIENTED_EDGE('',*,*,#1121,.T.);
#362=ORIENTED_EDGE('',*,*,#1126,.F.);
#363=ORIENTED_EDGE('',*,*,#953,.F.);
#364=ORIENTED_EDGE('',*,*,#1127,.F.);
#365=ORIENTED_EDGE('',*,*,#1107,.F.);
#366=ORIENTED_EDGE('',*,*,#1127,.T.);
#367=ORIENTED_EDGE('',*,*,#952,.F.);
#368=ORIENTED_EDGE('',*,*,#1128,.F.);
#369=ORIENTED_EDGE('',*,*,#1110,.F.);
#370=ORIENTED_EDGE('',*,*,#1126,.T.);
#371=ORIENTED_EDGE('',*,*,#1116,.F.);
#372=ORIENTED_EDGE('',*,*,#1129,.F.);
#373=ORIENTED_EDGE('',*,*,#950,.F.);
#374=ORIENTED_EDGE('',*,*,#1128,.T.);
#375=ORIENTED_EDGE('',*,*,#951,.F.);
#376=ORIENTED_EDGE('',*,*,#1129,.T.);
#377=ORIENTED_EDGE('',*,*,#1113,.F.);
#378=ORIENTED_EDGE('',*,*,#1130,.F.);
#379=ORIENTED_EDGE('',*,*,#1033,.F.);
#380=ORIENTED_EDGE('',*,*,#1131,.F.);
#381=ORIENTED_EDGE('',*,*,#924,.F.);
#382=ORIENTED_EDGE('',*,*,#1132,.F.);
#383=ORIENTED_EDGE('',*,*,#1130,.T.);
#384=ORIENTED_EDGE('',*,*,#1133,.F.);
#385=ORIENTED_EDGE('',*,*,#925,.T.);
#386=ORIENTED_EDGE('',*,*,#1131,.T.);
#387=ORIENTED_EDGE('',*,*,#1134,.F.);
#388=ORIENTED_EDGE('',*,*,#1135,.F.);
#389=ORIENTED_EDGE('',*,*,#1133,.T.);
#390=ORIENTED_EDGE('',*,*,#923,.F.);
#391=ORIENTED_EDGE('',*,*,#1136,.F.);
#392=ORIENTED_EDGE('',*,*,#1027,.F.);
#393=ORIENTED_EDGE('',*,*,#1132,.T.);
#394=ORIENTED_EDGE('',*,*,#1030,.F.);
#395=ORIENTED_EDGE('',*,*,#1137,.F.);
#396=ORIENTED_EDGE('',*,*,#1034,.F.);
#397=ORIENTED_EDGE('',*,*,#1138,.F.);
#398=ORIENTED_EDGE('',*,*,#1031,.F.);
#399=ORIENTED_EDGE('',*,*,#1139,.F.);
#400=ORIENTED_EDGE('',*,*,#967,.F.);
#401=ORIENTED_EDGE('',*,*,#1134,.T.);
#402=ORIENTED_EDGE('',*,*,#1032,.F.);
#403=ORIENTED_EDGE('',*,*,#1140,.F.);
#404=ORIENTED_EDGE('',*,*,#1038,.F.);
#405=ORIENTED_EDGE('',*,*,#1135,.T.);
#406=ORIENTED_EDGE('',*,*,#1037,.F.);
#407=ORIENTED_EDGE('',*,*,#1141,.F.);
#408=ORIENTED_EDGE('',*,*,#906,.F.);
#409=ORIENTED_EDGE('',*,*,#1142,.T.);
#410=ORIENTED_EDGE('',*,*,#1143,.T.);
#411=ORIENTED_EDGE('',*,*,#1144,.T.);
#412=ORIENTED_EDGE('',*,*,#904,.F.);
#413=ORIENTED_EDGE('',*,*,#1145,.T.);
#414=ORIENTED_EDGE('',*,*,#1146,.T.);
#415=ORIENTED_EDGE('',*,*,#1147,.T.);
#416=ORIENTED_EDGE('',*,*,#926,.F.);
#417=ORIENTED_EDGE('',*,*,#1148,.F.);
#418=ORIENTED_EDGE('',*,*,#1136,.T.);
#419=ORIENTED_EDGE('',*,*,#1149,.F.);
#420=ORIENTED_EDGE('',*,*,#1139,.T.);
#421=ORIENTED_EDGE('',*,*,#1137,.T.);
#422=ORIENTED_EDGE('',*,*,#1150,.F.);
#423=ORIENTED_EDGE('',*,*,#966,.T.);
#424=ORIENTED_EDGE('',*,*,#1151,.F.);
#425=ORIENTED_EDGE('',*,*,#1140,.T.);
#426=ORIENTED_EDGE('',*,*,#1138,.T.);
#427=ORIENTED_EDGE('',*,*,#907,.T.);
#428=ORIENTED_EDGE('',*,*,#1141,.T.);
#429=ORIENTED_EDGE('',*,*,#1152,.F.);
#430=ORIENTED_EDGE('',*,*,#1153,.F.);
#431=ORIENTED_EDGE('',*,*,#1149,.T.);
#432=ORIENTED_EDGE('',*,*,#922,.F.);
#433=ORIENTED_EDGE('',*,*,#1154,.F.);
#434=ORIENTED_EDGE('',*,*,#1025,.F.);
#435=ORIENTED_EDGE('',*,*,#1148,.T.);
#436=ORIENTED_EDGE('',*,*,#1024,.F.);
#437=ORIENTED_EDGE('',*,*,#1155,.F.);
#438=ORIENTED_EDGE('',*,*,#1028,.F.);
#439=ORIENTED_EDGE('',*,*,#1150,.T.);
#440=ORIENTED_EDGE('',*,*,#1029,.F.);
#441=ORIENTED_EDGE('',*,*,#1156,.F.);
#442=ORIENTED_EDGE('',*,*,#968,.F.);
#443=ORIENTED_EDGE('',*,*,#1151,.T.);
#444=ORIENTED_EDGE('',*,*,#965,.F.);
#445=ORIENTED_EDGE('',*,*,#1157,.F.);
#446=ORIENTED_EDGE('',*,*,#1035,.F.);
#447=ORIENTED_EDGE('',*,*,#1152,.T.);
#448=ORIENTED_EDGE('',*,*,#1036,.F.);
#449=ORIENTED_EDGE('',*,*,#1158,.F.);
#450=ORIENTED_EDGE('',*,*,#1040,.F.);
#451=ORIENTED_EDGE('',*,*,#1153,.T.);
#452=ORIENTED_EDGE('',*,*,#1039,.F.);
#453=ORIENTED_EDGE('',*,*,#1159,.F.);
#454=ORIENTED_EDGE('',*,*,#908,.F.);
#455=ORIENTED_EDGE('',*,*,#1160,.F.);
#456=ORIENTED_EDGE('',*,*,#1154,.T.);
#457=ORIENTED_EDGE('',*,*,#1161,.F.);
#458=ORIENTED_EDGE('',*,*,#1156,.T.);
#459=ORIENTED_EDGE('',*,*,#1155,.T.);
#460=ORIENTED_EDGE('',*,*,#1162,.F.);
#461=ORIENTED_EDGE('',*,*,#964,.T.);
#462=ORIENTED_EDGE('',*,*,#1163,.F.);
#463=ORIENTED_EDGE('',*,*,#1158,.T.);
#464=ORIENTED_EDGE('',*,*,#1157,.T.);
#465=ORIENTED_EDGE('',*,*,#1164,.F.);
#466=ORIENTED_EDGE('',*,*,#1159,.T.);
#467=ORIENTED_EDGE('',*,*,#1165,.F.);
#468=ORIENTED_EDGE('',*,*,#1161,.T.);
#469=ORIENTED_EDGE('',*,*,#921,.F.);
#470=ORIENTED_EDGE('',*,*,#1166,.F.);
#471=ORIENTED_EDGE('',*,*,#1021,.F.);
#472=ORIENTED_EDGE('',*,*,#1160,.T.);
#473=ORIENTED_EDGE('',*,*,#1020,.F.);
#474=ORIENTED_EDGE('',*,*,#1167,.F.);
#475=ORIENTED_EDGE('',*,*,#1026,.F.);
#476=ORIENTED_EDGE('',*,*,#1162,.T.);
#477=ORIENTED_EDGE('',*,*,#1023,.F.);
#478=ORIENTED_EDGE('',*,*,#1168,.F.);
#479=ORIENTED_EDGE('',*,*,#969,.F.);
#480=ORIENTED_EDGE('',*,*,#1163,.T.);
#481=ORIENTED_EDGE('',*,*,#963,.F.);
#482=ORIENTED_EDGE('',*,*,#1169,.F.);
#483=ORIENTED_EDGE('',*,*,#1041,.F.);
#484=ORIENTED_EDGE('',*,*,#1165,.T.);
#485=ORIENTED_EDGE('',*,*,#1042,.F.);
#486=ORIENTED_EDGE('',*,*,#1170,.F.);
#487=ORIENTED_EDGE('',*,*,#1046,.F.);
#488=ORIENTED_EDGE('',*,*,#1164,.T.);
#489=ORIENTED_EDGE('',*,*,#1045,.F.);
#490=ORIENTED_EDGE('',*,*,#1171,.F.);
#491=ORIENTED_EDGE('',*,*,#909,.F.);
#492=ORIENTED_EDGE('',*,*,#1172,.F.);
#493=ORIENTED_EDGE('',*,*,#1166,.T.);
#494=ORIENTED_EDGE('',*,*,#1173,.F.);
#495=ORIENTED_EDGE('',*,*,#1168,.T.);
#496=ORIENTED_EDGE('',*,*,#1167,.T.);
#497=ORIENTED_EDGE('',*,*,#1174,.F.);
#498=ORIENTED_EDGE('',*,*,#1170,.T.);
#499=ORIENTED_EDGE('',*,*,#1169,.T.);
#500=ORIENTED_EDGE('',*,*,#1175,.F.);
#501=ORIENTED_EDGE('',*,*,#1176,.F.);
#502=ORIENTED_EDGE('',*,*,#1171,.T.);
#503=ORIENTED_EDGE('',*,*,#1177,.F.);
#504=ORIENTED_EDGE('',*,*,#1178,.F.);
#505=ORIENTED_EDGE('',*,*,#1007,.F.);
#506=ORIENTED_EDGE('',*,*,#1179,.F.);
#507=ORIENTED_EDGE('',*,*,#915,.F.);
#508=ORIENTED_EDGE('',*,*,#1179,.T.);
#509=ORIENTED_EDGE('',*,*,#1011,.F.);
#510=ORIENTED_EDGE('',*,*,#1180,.F.);
#511=ORIENTED_EDGE('',*,*,#916,.F.);
#512=ORIENTED_EDGE('',*,*,#1173,.T.);
#513=ORIENTED_EDGE('',*,*,#920,.F.);
#514=ORIENTED_EDGE('',*,*,#1181,.F.);
#515=ORIENTED_EDGE('',*,*,#1015,.F.);
#516=ORIENTED_EDGE('',*,*,#1172,.T.);
#517=ORIENTED_EDGE('',*,*,#1018,.F.);
#518=ORIENTED_EDGE('',*,*,#1182,.F.);
#519=ORIENTED_EDGE('',*,*,#1022,.F.);
#520=ORIENTED_EDGE('',*,*,#1174,.T.);
#521=ORIENTED_EDGE('',*,*,#1019,.F.);
#522=ORIENTED_EDGE('',*,*,#1183,.F.);
#523=ORIENTED_EDGE('',*,*,#970,.F.);
#524=ORIENTED_EDGE('',*,*,#1175,.T.);
#525=ORIENTED_EDGE('',*,*,#962,.F.);
#526=ORIENTED_EDGE('',*,*,#1184,.F.);
#527=ORIENTED_EDGE('',*,*,#1043,.F.);
#528=ORIENTED_EDGE('',*,*,#1177,.T.);
#529=ORIENTED_EDGE('',*,*,#1044,.F.);
#530=ORIENTED_EDGE('',*,*,#1185,.F.);
#531=ORIENTED_EDGE('',*,*,#1050,.F.);
#532=ORIENTED_EDGE('',*,*,#1176,.T.);
#533=ORIENTED_EDGE('',*,*,#1049,.F.);
#534=ORIENTED_EDGE('',*,*,#1186,.F.);
#535=ORIENTED_EDGE('',*,*,#910,.F.);
#536=ORIENTED_EDGE('',*,*,#1178,.T.);
#537=ORIENTED_EDGE('',*,*,#914,.F.);
#538=ORIENTED_EDGE('',*,*,#1187,.F.);
#539=ORIENTED_EDGE('',*,*,#1103,.F.);
#540=ORIENTED_EDGE('',*,*,#1180,.T.);
#541=ORIENTED_EDGE('',*,*,#1125,.F.);
#542=ORIENTED_EDGE('',*,*,#1188,.F.);
#543=ORIENTED_EDGE('',*,*,#917,.F.);
#544=ORIENTED_EDGE('',*,*,#1189,.F.);
#545=ORIENTED_EDGE('',*,*,#1181,.T.);
#546=ORIENTED_EDGE('',*,*,#1190,.F.);
#547=ORIENTED_EDGE('',*,*,#1183,.T.);
#548=ORIENTED_EDGE('',*,*,#1182,.T.);
#549=ORIENTED_EDGE('',*,*,#1191,.F.);
#550=ORIENTED_EDGE('',*,*,#1185,.T.);
#551=ORIENTED_EDGE('',*,*,#1184,.T.);
#552=ORIENTED_EDGE('',*,*,#1192,.F.);
#553=ORIENTED_EDGE('',*,*,#1193,.F.);
#554=ORIENTED_EDGE('',*,*,#1186,.T.);
#555=ORIENTED_EDGE('',*,*,#1194,.F.);
#556=ORIENTED_EDGE('',*,*,#1187,.T.);
#557=ORIENTED_EDGE('',*,*,#913,.F.);
#558=ORIENTED_EDGE('',*,*,#1195,.F.);
#559=ORIENTED_EDGE('',*,*,#1123,.F.);
#560=ORIENTED_EDGE('',*,*,#1188,.T.);
#561=ORIENTED_EDGE('',*,*,#995,.F.);
#562=ORIENTED_EDGE('',*,*,#1196,.F.);
#563=ORIENTED_EDGE('',*,*,#918,.F.);
#564=ORIENTED_EDGE('',*,*,#1190,.T.);
#565=ORIENTED_EDGE('',*,*,#919,.F.);
#566=ORIENTED_EDGE('',*,*,#1197,.F.);
#567=ORIENTED_EDGE('',*,*,#1099,.F.);
#568=ORIENTED_EDGE('',*,*,#1189,.T.);
#569=ORIENTED_EDGE('',*,*,#1102,.F.);
#570=ORIENTED_EDGE('',*,*,#1198,.F.);
#571=ORIENTED_EDGE('',*,*,#1016,.F.);
#572=ORIENTED_EDGE('',*,*,#1191,.T.);
#573=ORIENTED_EDGE('',*,*,#1017,.F.);
#574=ORIENTED_EDGE('',*,*,#1199,.F.);
#575=ORIENTED_EDGE('',*,*,#971,.F.);
#576=ORIENTED_EDGE('',*,*,#1192,.T.);
#577=ORIENTED_EDGE('',*,*,#961,.F.);
#578=ORIENTED_EDGE('',*,*,#1200,.F.);
#579=ORIENTED_EDGE('',*,*,#1047,.F.);
#580=ORIENTED_EDGE('',*,*,#1194,.T.);
#581=ORIENTED_EDGE('',*,*,#1048,.F.);
#582=ORIENTED_EDGE('',*,*,#1201,.F.);
#583=ORIENTED_EDGE('',*,*,#1052,.F.);
#584=ORIENTED_EDGE('',*,*,#1193,.T.);
#585=ORIENTED_EDGE('',*,*,#1051,.F.);
#586=ORIENTED_EDGE('',*,*,#1202,.F.);
#587=ORIENTED_EDGE('',*,*,#911,.F.);
#588=ORIENTED_EDGE('',*,*,#1195,.T.);
#589=ORIENTED_EDGE('',*,*,#912,.F.);
#590=ORIENTED_EDGE('',*,*,#1203,.F.);
#591=ORIENTED_EDGE('',*,*,#991,.F.);
#592=ORIENTED_EDGE('',*,*,#1197,.T.);
#593=ORIENTED_EDGE('',*,*,#1196,.T.);
#594=ORIENTED_EDGE('',*,*,#1204,.F.);
#595=ORIENTED_EDGE('',*,*,#1199,.T.);
#596=ORIENTED_EDGE('',*,*,#1198,.T.);
#597=ORIENTED_EDGE('',*,*,#1205,.F.);
#598=ORIENTED_EDGE('',*,*,#1201,.T.);
#599=ORIENTED_EDGE('',*,*,#1200,.T.);
#600=ORIENTED_EDGE('',*,*,#1206,.F.);
#601=ORIENTED_EDGE('',*,*,#1203,.T.);
#602=ORIENTED_EDGE('',*,*,#1202,.T.);
#603=ORIENTED_EDGE('',*,*,#1207,.F.);
#604=ORIENTED_EDGE('',*,*,#1204,.T.);
#605=ORIENTED_EDGE('',*,*,#994,.F.);
#606=ORIENTED_EDGE('',*,*,#1208,.F.);
#607=ORIENTED_EDGE('',*,*,#1100,.F.);
#608=ORIENTED_EDGE('',*,*,#1205,.T.);
#609=ORIENTED_EDGE('',*,*,#1101,.F.);
#610=ORIENTED_EDGE('',*,*,#1209,.F.);
#611=ORIENTED_EDGE('',*,*,#972,.F.);
#612=ORIENTED_EDGE('',*,*,#1206,.T.);
#613=ORIENTED_EDGE('',*,*,#960,.F.);
#614=ORIENTED_EDGE('',*,*,#1210,.F.);
#615=ORIENTED_EDGE('',*,*,#1053,.F.);
#616=ORIENTED_EDGE('',*,*,#1207,.T.);
#617=ORIENTED_EDGE('',*,*,#1054,.F.);
#618=ORIENTED_EDGE('',*,*,#1211,.F.);
#619=ORIENTED_EDGE('',*,*,#992,.F.);
#620=ORIENTED_EDGE('',*,*,#1209,.T.);
#621=ORIENTED_EDGE('',*,*,#1208,.T.);
#622=ORIENTED_EDGE('',*,*,#1212,.F.);
#623=ORIENTED_EDGE('',*,*,#1211,.T.);
#624=ORIENTED_EDGE('',*,*,#1210,.T.);
#625=ORIENTED_EDGE('',*,*,#1213,.F.);
#626=ORIENTED_EDGE('',*,*,#1214,.F.);
#627=ORIENTED_EDGE('',*,*,#940,.F.);
#628=ORIENTED_EDGE('',*,*,#1215,.F.);
#629=ORIENTED_EDGE('',*,*,#1013,.F.);
#630=ORIENTED_EDGE('',*,*,#1215,.T.);
#631=ORIENTED_EDGE('',*,*,#939,.F.);
#632=ORIENTED_EDGE('',*,*,#1216,.F.);
#633=ORIENTED_EDGE('',*,*,#983,.F.);
#634=ORIENTED_EDGE('',*,*,#1212,.T.);
#635=ORIENTED_EDGE('',*,*,#1001,.F.);
#636=ORIENTED_EDGE('',*,*,#1217,.F.);
#637=ORIENTED_EDGE('',*,*,#973,.F.);
#638=ORIENTED_EDGE('',*,*,#1213,.T.);
#639=ORIENTED_EDGE('',*,*,#959,.F.);
#640=ORIENTED_EDGE('',*,*,#1218,.F.);
#641=ORIENTED_EDGE('',*,*,#993,.F.);
#642=ORIENTED_EDGE('',*,*,#1214,.T.);
#643=ORIENTED_EDGE('',*,*,#1003,.F.);
#644=ORIENTED_EDGE('',*,*,#1219,.F.);
#645=ORIENTED_EDGE('',*,*,#941,.F.);
#646=ORIENTED_EDGE('',*,*,#1216,.T.);
#647=ORIENTED_EDGE('',*,*,#938,.F.);
#648=ORIENTED_EDGE('',*,*,#1220,.F.);
#649=ORIENTED_EDGE('',*,*,#1124,.F.);
#650=ORIENTED_EDGE('',*,*,#1221,.F.);
#651=ORIENTED_EDGE('',*,*,#1217,.T.);
#652=ORIENTED_EDGE('',*,*,#1222,.F.);
#653=ORIENTED_EDGE('',*,*,#1223,.F.);
#654=ORIENTED_EDGE('',*,*,#1218,.T.);
#655=ORIENTED_EDGE('',*,*,#1224,.F.);
#656=ORIENTED_EDGE('',*,*,#1219,.T.);
#657=ORIENTED_EDGE('',*,*,#1122,.F.);
#658=ORIENTED_EDGE('',*,*,#1225,.F.);
#659=ORIENTED_EDGE('',*,*,#942,.F.);
#660=ORIENTED_EDGE('',*,*,#1220,.T.);
#661=ORIENTED_EDGE('',*,*,#937,.F.);
#662=ORIENTED_EDGE('',*,*,#1226,.F.);
#663=ORIENTED_EDGE('',*,*,#999,.F.);
#664=ORIENTED_EDGE('',*,*,#1222,.T.);
#665=ORIENTED_EDGE('',*,*,#1000,.F.);
#666=ORIENTED_EDGE('',*,*,#1227,.F.);
#667=ORIENTED_EDGE('',*,*,#1098,.F.);
#668=ORIENTED_EDGE('',*,*,#1221,.T.);
#669=ORIENTED_EDGE('',*,*,#1097,.F.);
#670=ORIENTED_EDGE('',*,*,#1228,.F.);
#671=ORIENTED_EDGE('',*,*,#974,.F.);
#672=ORIENTED_EDGE('',*,*,#1224,.T.);
#673=ORIENTED_EDGE('',*,*,#958,.F.);
#674=ORIENTED_EDGE('',*,*,#1229,.F.);
#675=ORIENTED_EDGE('',*,*,#1055,.F.);
#676=ORIENTED_EDGE('',*,*,#1223,.T.);
#677=ORIENTED_EDGE('',*,*,#1058,.F.);
#678=ORIENTED_EDGE('',*,*,#1230,.F.);
#679=ORIENTED_EDGE('',*,*,#986,.F.);
#680=ORIENTED_EDGE('',*,*,#1225,.T.);
#681=ORIENTED_EDGE('',*,*,#987,.F.);
#682=ORIENTED_EDGE('',*,*,#1231,.F.);
#683=ORIENTED_EDGE('',*,*,#943,.F.);
#684=ORIENTED_EDGE('',*,*,#1227,.T.);
#685=ORIENTED_EDGE('',*,*,#1226,.T.);
#686=ORIENTED_EDGE('',*,*,#1232,.F.);
#687=ORIENTED_EDGE('',*,*,#1233,.F.);
#688=ORIENTED_EDGE('',*,*,#1228,.T.);
#689=ORIENTED_EDGE('',*,*,#1234,.F.);
#690=ORIENTED_EDGE('',*,*,#1235,.F.);
#691=ORIENTED_EDGE('',*,*,#1229,.T.);
#692=ORIENTED_EDGE('',*,*,#1236,.F.);
#693=ORIENTED_EDGE('',*,*,#1231,.T.);
#694=ORIENTED_EDGE('',*,*,#1230,.T.);
#695=ORIENTED_EDGE('',*,*,#1237,.F.);
#696=ORIENTED_EDGE('',*,*,#1232,.T.);
#697=ORIENTED_EDGE('',*,*,#936,.F.);
#698=ORIENTED_EDGE('',*,*,#1238,.F.);
#699=ORIENTED_EDGE('',*,*,#1095,.F.);
#700=ORIENTED_EDGE('',*,*,#1234,.T.);
#701=ORIENTED_EDGE('',*,*,#1096,.F.);
#702=ORIENTED_EDGE('',*,*,#1239,.F.);
#703=ORIENTED_EDGE('',*,*,#1094,.F.);
#704=ORIENTED_EDGE('',*,*,#1233,.T.);
#705=ORIENTED_EDGE('',*,*,#1093,.F.);
#706=ORIENTED_EDGE('',*,*,#1240,.F.);
#707=ORIENTED_EDGE('',*,*,#975,.F.);
#708=ORIENTED_EDGE('',*,*,#1236,.T.);
#709=ORIENTED_EDGE('',*,*,#957,.F.);
#710=ORIENTED_EDGE('',*,*,#1241,.F.);
#711=ORIENTED_EDGE('',*,*,#1061,.F.);
#712=ORIENTED_EDGE('',*,*,#1235,.T.);
#713=ORIENTED_EDGE('',*,*,#1060,.F.);
#714=ORIENTED_EDGE('',*,*,#1242,.F.);
#715=ORIENTED_EDGE('',*,*,#1056,.F.);
#716=ORIENTED_EDGE('',*,*,#1237,.T.);
#717=ORIENTED_EDGE('',*,*,#1057,.F.);
#718=ORIENTED_EDGE('',*,*,#1243,.F.);
#719=ORIENTED_EDGE('',*,*,#944,.F.);
#720=ORIENTED_EDGE('',*,*,#1239,.T.);
#721=ORIENTED_EDGE('',*,*,#1238,.T.);
#722=ORIENTED_EDGE('',*,*,#1244,.F.);
#723=ORIENTED_EDGE('',*,*,#1245,.F.);
#724=ORIENTED_EDGE('',*,*,#1240,.T.);
#725=ORIENTED_EDGE('',*,*,#1246,.F.);
#726=ORIENTED_EDGE('',*,*,#1247,.F.);
#727=ORIENTED_EDGE('',*,*,#1241,.T.);
#728=ORIENTED_EDGE('',*,*,#1248,.F.);
#729=ORIENTED_EDGE('',*,*,#1243,.T.);
#730=ORIENTED_EDGE('',*,*,#1242,.T.);
#731=ORIENTED_EDGE('',*,*,#1249,.F.);
#732=ORIENTED_EDGE('',*,*,#1244,.T.);
#733=ORIENTED_EDGE('',*,*,#935,.F.);
#734=ORIENTED_EDGE('',*,*,#1250,.F.);
#735=ORIENTED_EDGE('',*,*,#1091,.F.);
#736=ORIENTED_EDGE('',*,*,#1246,.T.);
#737=ORIENTED_EDGE('',*,*,#1092,.F.);
#738=ORIENTED_EDGE('',*,*,#1251,.F.);
#739=ORIENTED_EDGE('',*,*,#1088,.F.);
#740=ORIENTED_EDGE('',*,*,#1245,.T.);
#741=ORIENTED_EDGE('',*,*,#1087,.F.);
#742=ORIENTED_EDGE('',*,*,#1252,.F.);
#743=ORIENTED_EDGE('',*,*,#976,.F.);
#744=ORIENTED_EDGE('',*,*,#1248,.T.);
#745=ORIENTED_EDGE('',*,*,#956,.F.);
#746=ORIENTED_EDGE('',*,*,#1253,.F.);
#747=ORIENTED_EDGE('',*,*,#1065,.F.);
#748=ORIENTED_EDGE('',*,*,#1247,.T.);
#749=ORIENTED_EDGE('',*,*,#1064,.F.);
#750=ORIENTED_EDGE('',*,*,#1254,.F.);
#751=ORIENTED_EDGE('',*,*,#1062,.F.);
#752=ORIENTED_EDGE('',*,*,#1249,.T.);
#753=ORIENTED_EDGE('',*,*,#1059,.F.);
#754=ORIENTED_EDGE('',*,*,#1255,.F.);
#755=ORIENTED_EDGE('',*,*,#945,.F.);
#756=ORIENTED_EDGE('',*,*,#1251,.T.);
#757=ORIENTED_EDGE('',*,*,#1250,.T.);
#758=ORIENTED_EDGE('',*,*,#1256,.F.);
#759=ORIENTED_EDGE('',*,*,#1257,.F.);
#760=ORIENTED_EDGE('',*,*,#1252,.T.);
#761=ORIENTED_EDGE('',*,*,#1258,.F.);
#762=ORIENTED_EDGE('',*,*,#1259,.F.);
#763=ORIENTED_EDGE('',*,*,#1253,.T.);
#764=ORIENTED_EDGE('',*,*,#1260,.F.);
#765=ORIENTED_EDGE('',*,*,#1255,.T.);
#766=ORIENTED_EDGE('',*,*,#1254,.T.);
#767=ORIENTED_EDGE('',*,*,#1261,.F.);
#768=ORIENTED_EDGE('',*,*,#1256,.T.);
#769=ORIENTED_EDGE('',*,*,#934,.F.);
#770=ORIENTED_EDGE('',*,*,#1262,.F.);
#771=ORIENTED_EDGE('',*,*,#1089,.F.);
#772=ORIENTED_EDGE('',*,*,#1258,.T.);
#773=ORIENTED_EDGE('',*,*,#1090,.F.);
#774=ORIENTED_EDGE('',*,*,#1263,.F.);
#775=ORIENTED_EDGE('',*,*,#1086,.F.);
#776=ORIENTED_EDGE('',*,*,#1257,.T.);
#777=ORIENTED_EDGE('',*,*,#1085,.F.);
#778=ORIENTED_EDGE('',*,*,#1264,.F.);
#779=ORIENTED_EDGE('',*,*,#977,.F.);
#780=ORIENTED_EDGE('',*,*,#1260,.T.);
#781=ORIENTED_EDGE('',*,*,#955,.F.);
#782=ORIENTED_EDGE('',*,*,#1265,.F.);
#783=ORIENTED_EDGE('',*,*,#1067,.F.);
#784=ORIENTED_EDGE('',*,*,#1259,.T.);
#785=ORIENTED_EDGE('',*,*,#1070,.F.);
#786=ORIENTED_EDGE('',*,*,#1266,.F.);
#787=ORIENTED_EDGE('',*,*,#1066,.F.);
#788=ORIENTED_EDGE('',*,*,#1261,.T.);
#789=ORIENTED_EDGE('',*,*,#1063,.F.);
#790=ORIENTED_EDGE('',*,*,#1267,.F.);
#791=ORIENTED_EDGE('',*,*,#946,.F.);
#792=ORIENTED_EDGE('',*,*,#1263,.T.);
#793=ORIENTED_EDGE('',*,*,#1262,.T.);
#794=ORIENTED_EDGE('',*,*,#1268,.F.);
#795=ORIENTED_EDGE('',*,*,#978,.T.);
#796=ORIENTED_EDGE('',*,*,#1264,.T.);
#797=ORIENTED_EDGE('',*,*,#1269,.F.);
#798=ORIENTED_EDGE('',*,*,#1270,.F.);
#799=ORIENTED_EDGE('',*,*,#1265,.T.);
#800=ORIENTED_EDGE('',*,*,#954,.T.);
#801=ORIENTED_EDGE('',*,*,#1271,.F.);
#802=ORIENTED_EDGE('',*,*,#1272,.F.);
#803=ORIENTED_EDGE('',*,*,#1267,.T.);
#804=ORIENTED_EDGE('',*,*,#1266,.T.);
#805=ORIENTED_EDGE('',*,*,#1273,.F.);
#806=ORIENTED_EDGE('',*,*,#1268,.T.);
#807=ORIENTED_EDGE('',*,*,#933,.F.);
#808=ORIENTED_EDGE('',*,*,#1274,.F.);
#809=ORIENTED_EDGE('',*,*,#1083,.F.);
#810=ORIENTED_EDGE('',*,*,#1269,.T.);
#811=ORIENTED_EDGE('',*,*,#1084,.F.);
#812=ORIENTED_EDGE('',*,*,#1275,.F.);
#813=ORIENTED_EDGE('',*,*,#1082,.F.);
#814=ORIENTED_EDGE('',*,*,#1270,.T.);
#815=ORIENTED_EDGE('',*,*,#1081,.F.);
#816=ORIENTED_EDGE('',*,*,#1276,.F.);
#817=ORIENTED_EDGE('',*,*,#979,.F.);
#818=ORIENTED_EDGE('',*,*,#1277,.F.);
#819=ORIENTED_EDGE('',*,*,#980,.F.);
#820=ORIENTED_EDGE('',*,*,#1278,.F.);
#821=ORIENTED_EDGE('',*,*,#1077,.F.);
#822=ORIENTED_EDGE('',*,*,#1271,.T.);
#823=ORIENTED_EDGE('',*,*,#981,.F.);
#824=ORIENTED_EDGE('',*,*,#1279,.F.);
#825=ORIENTED_EDGE('',*,*,#1071,.F.);
#826=ORIENTED_EDGE('',*,*,#1272,.T.);
#827=ORIENTED_EDGE('',*,*,#1074,.F.);
#828=ORIENTED_EDGE('',*,*,#1280,.F.);
#829=ORIENTED_EDGE('',*,*,#1068,.F.);
#830=ORIENTED_EDGE('',*,*,#1273,.T.);
#831=ORIENTED_EDGE('',*,*,#1069,.F.);
#832=ORIENTED_EDGE('',*,*,#1281,.F.);
#833=ORIENTED_EDGE('',*,*,#947,.F.);
#834=ORIENTED_EDGE('',*,*,#932,.T.);
#835=ORIENTED_EDGE('',*,*,#1282,.F.);
#836=ORIENTED_EDGE('',*,*,#1275,.T.);
#837=ORIENTED_EDGE('',*,*,#1274,.T.);
#838=ORIENTED_EDGE('',*,*,#1278,.T.);
#839=ORIENTED_EDGE('',*,*,#1276,.T.);
#840=ORIENTED_EDGE('',*,*,#1283,.F.);
#841=ORIENTED_EDGE('',*,*,#1279,.T.);
#842=ORIENTED_EDGE('',*,*,#1277,.T.);
#843=ORIENTED_EDGE('',*,*,#1284,.F.);
#844=ORIENTED_EDGE('',*,*,#1281,.T.);
#845=ORIENTED_EDGE('',*,*,#1280,.T.);
#846=ORIENTED_EDGE('',*,*,#1285,.F.);
#847=ORIENTED_EDGE('',*,*,#928,.T.);
#848=ORIENTED_EDGE('',*,*,#1282,.T.);
#849=ORIENTED_EDGE('',*,*,#931,.F.);
#850=ORIENTED_EDGE('',*,*,#1286,.F.);
#851=ORIENTED_EDGE('',*,*,#1079,.F.);
#852=ORIENTED_EDGE('',*,*,#1283,.T.);
#853=ORIENTED_EDGE('',*,*,#1080,.F.);
#854=ORIENTED_EDGE('',*,*,#1287,.F.);
#855=ORIENTED_EDGE('',*,*,#1078,.F.);
#856=ORIENTED_EDGE('',*,*,#1284,.T.);
#857=ORIENTED_EDGE('',*,*,#1076,.F.);
#858=ORIENTED_EDGE('',*,*,#1288,.F.);
#859=ORIENTED_EDGE('',*,*,#1072,.F.);
#860=ORIENTED_EDGE('',*,*,#1285,.T.);
#861=ORIENTED_EDGE('',*,*,#1073,.F.);
#862=ORIENTED_EDGE('',*,*,#1289,.F.);
#863=ORIENTED_EDGE('',*,*,#929,.F.);
#864=ORIENTED_EDGE('',*,*,#1287,.T.);
#865=ORIENTED_EDGE('',*,*,#1286,.T.);
#866=ORIENTED_EDGE('',*,*,#1290,.F.);
#867=ORIENTED_EDGE('',*,*,#1289,.T.);
#868=ORIENTED_EDGE('',*,*,#1288,.T.);
#869=ORIENTED_EDGE('',*,*,#1291,.F.);
#870=ORIENTED_EDGE('',*,*,#1290,.T.);
#871=ORIENTED_EDGE('',*,*,#930,.F.);
#872=ORIENTED_EDGE('',*,*,#1291,.T.);
#873=ORIENTED_EDGE('',*,*,#1075,.F.);
#874=ORIENTED_EDGE('',*,*,#1292,.T.);
#875=ORIENTED_EDGE('',*,*,#1143,.F.);
#876=ORIENTED_EDGE('',*,*,#1293,.T.);
#877=ORIENTED_EDGE('',*,*,#1294,.T.);
#878=ORIENTED_EDGE('',*,*,#1295,.T.);
#879=ORIENTED_EDGE('',*,*,#1296,.T.);
#880=ORIENTED_EDGE('',*,*,#1146,.F.);
#881=ORIENTED_EDGE('',*,*,#1297,.T.);
#882=ORIENTED_EDGE('',*,*,#1298,.T.);
#883=ORIENTED_EDGE('',*,*,#1299,.T.);
#884=ORIENTED_EDGE('',*,*,#1300,.T.);
#885=ORIENTED_EDGE('',*,*,#948,.T.);
#886=ORIENTED_EDGE('',*,*,#1301,.T.);
#887=ORIENTED_EDGE('',*,*,#949,.T.);
#888=ORIENTED_EDGE('',*,*,#1301,.F.);
#889=ORIENTED_EDGE('',*,*,#1294,.F.);
#890=ORIENTED_EDGE('',*,*,#1300,.F.);
#891=ORIENTED_EDGE('',*,*,#1298,.F.);
#892=ORIENTED_EDGE('',*,*,#1144,.F.);
#893=ORIENTED_EDGE('',*,*,#1292,.F.);
#894=ORIENTED_EDGE('',*,*,#1142,.F.);
#895=ORIENTED_EDGE('',*,*,#905,.F.);
#896=ORIENTED_EDGE('',*,*,#1147,.F.);
#897=ORIENTED_EDGE('',*,*,#1296,.F.);
#898=ORIENTED_EDGE('',*,*,#1145,.F.);
#899=ORIENTED_EDGE('',*,*,#927,.F.);
#900=ORIENTED_EDGE('',*,*,#1293,.F.);
#901=ORIENTED_EDGE('',*,*,#1295,.F.);
#902=ORIENTED_EDGE('',*,*,#1297,.F.);
#903=ORIENTED_EDGE('',*,*,#1299,.F.);
#904=EDGE_CURVE('',#1302,#1303,#1520,.T.);
#905=EDGE_CURVE('',#1303,#1304,#70,.F.);
#906=EDGE_CURVE('',#1304,#1305,#1521,.T.);
#907=EDGE_CURVE('',#1306,#1305,#1522,.T.);
#908=EDGE_CURVE('',#1306,#1307,#1523,.T.);
#909=EDGE_CURVE('',#1307,#1308,#1524,.T.);
#910=EDGE_CURVE('',#1308,#1309,#71,.F.);
#911=EDGE_CURVE('',#1309,#1310,#1525,.T.);
#912=EDGE_CURVE('',#1310,#1311,#1526,.T.);
#913=EDGE_CURVE('',#1311,#1312,#1527,.T.);
#914=EDGE_CURVE('',#1312,#1313,#1528,.T.);
#915=EDGE_CURVE('',#1313,#1314,#1529,.T.);
#916=EDGE_CURVE('',#1314,#1315,#1530,.T.);
#917=EDGE_CURVE('',#1315,#1316,#1531,.T.);
#918=EDGE_CURVE('',#1316,#1317,#1532,.T.);
#919=EDGE_CURVE('',#1317,#1318,#72,.F.);
#920=EDGE_CURVE('',#1318,#1319,#1533,.T.);
#921=EDGE_CURVE('',#1319,#1320,#1534,.T.);
#922=EDGE_CURVE('',#1320,#1321,#73,.F.);
#923=EDGE_CURVE('',#1321,#1322,#1535,.T.);
#924=EDGE_CURVE('',#1322,#1323,#1536,.T.);
#925=EDGE_CURVE('',#1324,#1323,#1537,.T.);
#926=EDGE_CURVE('',#1324,#1325,#1538,.T.);
#927=EDGE_CURVE('',#1325,#1302,#74,.F.);
#928=EDGE_CURVE('',#1326,#1327,#1539,.T.);
#929=EDGE_CURVE('',#1326,#1328,#1540,.T.);
#930=EDGE_CURVE('',#1328,#1329,#75,.F.);
#931=EDGE_CURVE('',#1329,#1330,#1541,.T.);
#932=EDGE_CURVE('',#1331,#1330,#1542,.T.);
#933=EDGE_CURVE('',#1331,#1332,#1543,.T.);
#934=EDGE_CURVE('',#1332,#1333,#1544,.T.);
#935=EDGE_CURVE('',#1333,#1334,#76,.F.);
#936=EDGE_CURVE('',#1334,#1335,#1545,.T.);
#937=EDGE_CURVE('',#1335,#1336,#1546,.T.);
#938=EDGE_CURVE('',#1336,#1337,#1547,.T.);
#939=EDGE_CURVE('',#1337,#1338,#1548,.T.);
#940=EDGE_CURVE('',#1338,#1339,#1549,.T.);
#941=EDGE_CURVE('',#1339,#1340,#1550,.T.);
#942=EDGE_CURVE('',#1340,#1341,#1551,.T.);
#943=EDGE_CURVE('',#1341,#1342,#1552,.T.);
#944=EDGE_CURVE('',#1342,#1343,#1553,.T.);
#945=EDGE_CURVE('',#1343,#1344,#77,.F.);
#946=EDGE_CURVE('',#1344,#1345,#1554,.T.);
#947=EDGE_CURVE('',#1345,#1327,#1555,.T.);
#948=EDGE_CURVE('',#1346,#1346,#78,.F.);
#949=EDGE_CURVE('',#1347,#1347,#79,.F.);
#950=EDGE_CURVE('',#1348,#1349,#1556,.T.);
#951=EDGE_CURVE('',#1349,#1350,#1557,.T.);
#952=EDGE_CURVE('',#1350,#1351,#1558,.T.);
#953=EDGE_CURVE('',#1351,#1348,#1559,.T.);
#954=EDGE_CURVE('',#1352,#1353,#1560,.T.);
#955=EDGE_CURVE('',#1352,#1354,#1561,.T.);
#956=EDGE_CURVE('',#1354,#1355,#1562,.T.);
#957=EDGE_CURVE('',#1355,#1356,#80,.T.);
#958=EDGE_CURVE('',#1356,#1357,#1563,.T.);
#959=EDGE_CURVE('',#1357,#1358,#1564,.T.);
#960=EDGE_CURVE('',#1358,#1359,#1565,.T.);
#961=EDGE_CURVE('',#1359,#1360,#81,.T.);
#962=EDGE_CURVE('',#1360,#1361,#1566,.T.);
#963=EDGE_CURVE('',#1361,#1362,#1567,.T.);
#964=EDGE_CURVE('',#1363,#1362,#1568,.T.);
#965=EDGE_CURVE('',#1363,#1364,#1569,.T.);
#966=EDGE_CURVE('',#1365,#1364,#1570,.T.);
#967=EDGE_CURVE('',#1365,#1366,#1571,.T.);
#968=EDGE_CURVE('',#1366,#1367,#1572,.T.);
#969=EDGE_CURVE('',#1367,#1368,#82,.T.);
#970=EDGE_CURVE('',#1368,#1369,#1573,.T.);
#971=EDGE_CURVE('',#1369,#1370,#1574,.T.);
#972=EDGE_CURVE('',#1370,#1371,#83,.T.);
#973=EDGE_CURVE('',#1371,#1372,#1575,.T.);
#974=EDGE_CURVE('',#1372,#1373,#1576,.T.);
#975=EDGE_CURVE('',#1373,#1374,#84,.T.);
#976=EDGE_CURVE('',#1374,#1375,#1577,.T.);
#977=EDGE_CURVE('',#1375,#1376,#1578,.T.);
#978=EDGE_CURVE('',#1377,#1376,#1579,.T.);
#979=EDGE_CURVE('',#1377,#1378,#1580,.T.);
#980=EDGE_CURVE('',#1378,#1379,#85,.T.);
#981=EDGE_CURVE('',#1379,#1353,#1581,.T.);
#982=EDGE_CURVE('',#1380,#1381,#1582,.T.);
#983=EDGE_CURVE('',#1380,#1382,#1583,.T.);
#984=EDGE_CURVE('',#1383,#1382,#1584,.T.);
#985=EDGE_CURVE('',#1383,#1381,#1585,.T.);
#986=EDGE_CURVE('',#1384,#1385,#1586,.T.);
#987=EDGE_CURVE('',#1385,#1386,#1587,.T.);
#988=EDGE_CURVE('',#1387,#1386,#1588,.T.);
#989=EDGE_CURVE('',#1388,#1387,#1589,.T.);
#990=EDGE_CURVE('',#1388,#1389,#1590,.T.);
#991=EDGE_CURVE('',#1389,#1390,#1591,.T.);
#992=EDGE_CURVE('',#1390,#1391,#1592,.T.);
#993=EDGE_CURVE('',#1391,#1384,#1593,.T.);
#994=EDGE_CURVE('',#1392,#1393,#1594,.T.);
#995=EDGE_CURVE('',#1393,#1394,#1595,.T.);
#996=EDGE_CURVE('',#1394,#1395,#1596,.T.);
#997=EDGE_CURVE('',#1396,#1395,#1597,.T.);
#998=EDGE_CURVE('',#1397,#1396,#1598,.T.);
#999=EDGE_CURVE('',#1397,#1398,#1599,.T.);
#1000=EDGE_CURVE('',#1398,#1399,#1600,.T.);
#1001=EDGE_CURVE('',#1399,#1392,#1601,.T.);
#1002=EDGE_CURVE('',#1400,#1401,#1602,.T.);
#1003=EDGE_CURVE('',#1401,#1402,#1603,.T.);
#1004=EDGE_CURVE('',#1402,#1403,#1604,.T.);
#1005=EDGE_CURVE('',#1400,#1403,#1605,.T.);
#1006=EDGE_CURVE('',#1404,#1405,#1606,.T.);
#1007=EDGE_CURVE('',#1404,#1406,#1607,.T.);
#1008=EDGE_CURVE('',#1406,#1407,#1608,.T.);
#1009=EDGE_CURVE('',#1405,#1407,#1609,.T.);
#1010=EDGE_CURVE('',#1408,#1409,#1610,.T.);
#1011=EDGE_CURVE('',#1409,#1404,#1611,.T.);
#1012=EDGE_CURVE('',#1405,#1408,#1612,.T.);
#1013=EDGE_CURVE('',#1402,#1380,#1613,.T.);
#1014=EDGE_CURVE('',#1381,#1403,#1614,.T.);
#1015=EDGE_CURVE('',#1410,#1411,#1615,.T.);
#1016=EDGE_CURVE('',#1411,#1412,#1616,.T.);
#1017=EDGE_CURVE('',#1412,#1413,#1617,.T.);
#1018=EDGE_CURVE('',#1413,#1410,#1618,.T.);
#1019=EDGE_CURVE('',#1414,#1415,#1619,.T.);
#1020=EDGE_CURVE('',#1415,#1416,#1620,.T.);
#1021=EDGE_CURVE('',#1416,#1417,#1621,.T.);
#1022=EDGE_CURVE('',#1417,#1414,#1622,.T.);
#1023=EDGE_CURVE('',#1418,#1419,#86,.F.);
#1024=EDGE_CURVE('',#1419,#1420,#1623,.F.);
#1025=EDGE_CURVE('',#1420,#1421,#87,.T.);
#1026=EDGE_CURVE('',#1421,#1418,#1624,.T.);
#1027=EDGE_CURVE('',#1422,#1423,#1625,.T.);
#1028=EDGE_CURVE('',#1423,#1424,#1626,.T.);
#1029=EDGE_CURVE('',#1424,#1425,#1627,.T.);
#1030=EDGE_CURVE('',#1425,#1422,#1628,.T.);
#1031=EDGE_CURVE('',#1426,#1427,#1629,.T.);
#1032=EDGE_CURVE('',#1427,#1428,#1630,.T.);
#1033=EDGE_CURVE('',#1428,#1429,#1631,.T.);
#1034=EDGE_CURVE('',#1429,#1426,#1632,.T.);
#1035=EDGE_CURVE('',#1430,#1431,#1633,.T.);
#1036=EDGE_CURVE('',#1431,#1432,#1634,.T.);
#1037=EDGE_CURVE('',#1432,#1433,#1635,.T.);
#1038=EDGE_CURVE('',#1433,#1430,#1636,.T.);
#1039=EDGE_CURVE('',#1434,#1435,#1637,.T.);
#1040=EDGE_CURVE('',#1435,#1436,#1638,.T.);
#1041=EDGE_CURVE('',#1436,#1437,#1639,.T.);
#1042=EDGE_CURVE('',#1437,#1434,#1640,.T.);
#1043=EDGE_CURVE('',#1438,#1439,#1641,.T.);
#1044=EDGE_CURVE('',#1439,#1440,#1642,.T.);
#1045=EDGE_CURVE('',#1440,#1441,#1643,.T.);
#1046=EDGE_CURVE('',#1441,#1438,#1644,.T.);
#1047=EDGE_CURVE('',#1442,#1443,#88,.F.);
#1048=EDGE_CURVE('',#1443,#1444,#1645,.F.);
#1049=EDGE_CURVE('',#1444,#1445,#89,.T.);
#1050=EDGE_CURVE('',#1445,#1442,#1646,.T.);
#1051=EDGE_CURVE('',#1446,#1447,#1647,.T.);
#1052=EDGE_CURVE('',#1447,#1448,#1648,.T.);
#1053=EDGE_CURVE('',#1448,#1449,#1649,.T.);
#1054=EDGE_CURVE('',#1449,#1446,#1650,.T.);
#1055=EDGE_CURVE('',#1450,#1451,#1651,.T.);
#1056=EDGE_CURVE('',#1451,#1452,#1652,.T.);
#1057=EDGE_CURVE('',#1452,#1453,#1653,.T.);
#1058=EDGE_CURVE('',#1453,#1450,#1654,.T.);
#1059=EDGE_CURVE('',#1454,#1455,#90,.T.);
#1060=EDGE_CURVE('',#1455,#1456,#1655,.T.);
#1061=EDGE_CURVE('',#1456,#1457,#91,.F.);
#1062=EDGE_CURVE('',#1457,#1454,#1656,.F.);
#1063=EDGE_CURVE('',#1458,#1459,#1657,.T.);
#1064=EDGE_CURVE('',#1459,#1460,#1658,.T.);
#1065=EDGE_CURVE('',#1460,#1461,#1659,.T.);
#1066=EDGE_CURVE('',#1461,#1458,#1660,.T.);
#1067=EDGE_CURVE('',#1462,#1463,#1661,.T.);
#1068=EDGE_CURVE('',#1463,#1464,#1662,.T.);
#1069=EDGE_CURVE('',#1464,#1465,#1663,.T.);
#1070=EDGE_CURVE('',#1465,#1462,#1664,.T.);
#1071=EDGE_CURVE('',#1466,#1467,#1665,.T.);
#1072=EDGE_CURVE('',#1467,#1468,#1666,.T.);
#1073=EDGE_CURVE('',#1468,#1469,#1667,.T.);
#1074=EDGE_CURVE('',#1469,#1466,#1668,.T.);
#1075=EDGE_CURVE('',#1470,#1471,#92,.T.);
#1076=EDGE_CURVE('',#1471,#1472,#1669,.T.);
#1077=EDGE_CURVE('',#1472,#1473,#93,.F.);
#1078=EDGE_CURVE('',#1473,#1470,#1670,.F.);
#1079=EDGE_CURVE('',#1474,#1475,#1671,.T.);
#1080=EDGE_CURVE('',#1475,#1476,#1672,.T.);
#1081=EDGE_CURVE('',#1476,#1477,#1673,.T.);
#1082=EDGE_CURVE('',#1477,#1474,#1674,.T.);
#1083=EDGE_CURVE('',#1478,#1479,#1675,.T.);
#1084=EDGE_CURVE('',#1479,#1480,#1676,.T.);
#1085=EDGE_CURVE('',#1480,#1481,#1677,.T.);
#1086=EDGE_CURVE('',#1481,#1478,#1678,.T.);
#1087=EDGE_CURVE('',#1482,#1483,#1679,.T.);
#1088=EDGE_CURVE('',#1483,#1484,#1680,.T.);
#1089=EDGE_CURVE('',#1484,#1485,#1681,.T.);
#1090=EDGE_CURVE('',#1485,#1482,#1682,.T.);
#1091=EDGE_CURVE('',#1486,#1487,#94,.T.);
#1092=EDGE_CURVE('',#1487,#1488,#1683,.T.);
#1093=EDGE_CURVE('',#1488,#1489,#95,.F.);
#1094=EDGE_CURVE('',#1489,#1486,#1684,.F.);
#1095=EDGE_CURVE('',#1490,#1491,#1685,.T.);
#1096=EDGE_CURVE('',#1491,#1492,#1686,.T.);
#1097=EDGE_CURVE('',#1492,#1493,#1687,.T.);
#1098=EDGE_CURVE('',#1493,#1490,#1688,.T.);
#1099=EDGE_CURVE('',#1494,#1495,#96,.T.);
#1100=EDGE_CURVE('',#1495,#1496,#1689,.T.);
#1101=EDGE_CURVE('',#1496,#1497,#97,.F.);
#1102=EDGE_CURVE('',#1497,#1494,#1690,.F.);
#1103=EDGE_CURVE('',#1406,#1498,#1691,.T.);
#1104=EDGE_CURVE('',#1499,#1498,#1692,.T.);
#1105=EDGE_CURVE('',#1407,#1499,#1693,.T.);
#1106=EDGE_CURVE('',#1500,#1501,#1694,.T.);
#1107=EDGE_CURVE('',#1501,#1502,#1695,.T.);
#1108=EDGE_CURVE('',#1503,#1502,#1696,.T.);
#1109=EDGE_CURVE('',#1503,#1500,#1697,.T.);
#1110=EDGE_CURVE('',#1502,#1504,#1698,.T.);
#1111=EDGE_CURVE('',#1505,#1504,#1699,.T.);
#1112=EDGE_CURVE('',#1503,#1505,#1700,.T.);
#1113=EDGE_CURVE('',#1504,#1506,#1701,.T.);
#1114=EDGE_CURVE('',#1507,#1506,#1702,.T.);
#1115=EDGE_CURVE('',#1505,#1507,#1703,.T.);
#1116=EDGE_CURVE('',#1506,#1501,#1704,.T.);
#1117=EDGE_CURVE('',#1500,#1507,#1705,.T.);
#1118=EDGE_CURVE('',#1388,#1499,#1706,.T.);
#1119=EDGE_CURVE('',#1387,#1400,#1707,.T.);
#1120=EDGE_CURVE('',#1383,#1396,#1708,.T.);
#1121=EDGE_CURVE('',#1408,#1395,#1709,.T.);
#1122=EDGE_CURVE('',#1386,#1401,#1710,.T.);
#1123=EDGE_CURVE('',#1498,#1389,#1711,.T.);
#1124=EDGE_CURVE('',#1382,#1397,#1712,.T.);
#1125=EDGE_CURVE('',#1394,#1409,#1713,.T.);
#1126=EDGE_CURVE('',#1348,#1501,#1714,.T.);
#1127=EDGE_CURVE('',#1502,#1351,#1715,.T.);
#1128=EDGE_CURVE('',#1504,#1350,#1716,.F.);
#1129=EDGE_CURVE('',#1349,#1506,#1717,.T.);
#1130=EDGE_CURVE('',#1429,#1322,#1718,.T.);
#1131=EDGE_CURVE('',#1323,#1428,#1719,.T.);
#1132=EDGE_CURVE('',#1429,#1422,#1720,.T.);
#1133=EDGE_CURVE('',#1422,#1322,#1721,.F.);
#1134=EDGE_CURVE('',#1433,#1428,#1722,.T.);
#1135=EDGE_CURVE('',#1324,#1433,#1723,.F.);
#1136=EDGE_CURVE('',#1423,#1321,#1724,.T.);
#1137=EDGE_CURVE('',#1426,#1425,#1725,.F.);
#1138=EDGE_CURVE('',#1427,#1365,#1726,.T.);
#1139=EDGE_CURVE('',#1366,#1426,#1727,.F.);
#1140=EDGE_CURVE('',#1430,#1427,#1728,.F.);
#1141=EDGE_CURVE('',#1305,#1432,#1729,.T.);
#1142=EDGE_CURVE('',#1304,#1508,#32,.T.);
#1143=EDGE_CURVE('',#1508,#1509,#30,.F.);
#1144=EDGE_CURVE('',#1509,#1303,#33,.T.);
#1145=EDGE_CURVE('',#1302,#1510,#34,.T.);
#1146=EDGE_CURVE('',#1510,#1511,#31,.F.);
#1147=EDGE_CURVE('',#1511,#1325,#35,.T.);
#1148=EDGE_CURVE('',#1423,#1420,#1730,.T.);
#1149=EDGE_CURVE('',#1420,#1321,#36,.F.);
#1150=EDGE_CURVE('',#1366,#1425,#1731,.T.);
#1151=EDGE_CURVE('',#1430,#1364,#1732,.F.);
#1152=EDGE_CURVE('',#1435,#1432,#1733,.F.);
#1153=EDGE_CURVE('',#1306,#1435,#1734,.F.);
#1154=EDGE_CURVE('',#1421,#1320,#37,.T.);
#1155=EDGE_CURVE('',#1424,#1419,#1735,.F.);
#1156=EDGE_CURVE('',#1367,#1424,#1736,.F.);
#1157=EDGE_CURVE('',#1431,#1363,#1737,.T.);
#1158=EDGE_CURVE('',#1436,#1431,#1738,.T.);
#1159=EDGE_CURVE('',#1307,#1434,#1739,.F.);
#1160=EDGE_CURVE('',#1421,#1416,#1740,.T.);
#1161=EDGE_CURVE('',#1416,#1320,#1741,.F.);
#1162=EDGE_CURVE('',#1367,#1419,#38,.F.);
#1163=EDGE_CURVE('',#1436,#1362,#1742,.F.);
#1164=EDGE_CURVE('',#1307,#1441,#1743,.F.);
#1165=EDGE_CURVE('',#1441,#1434,#1744,.F.);
#1166=EDGE_CURVE('',#1417,#1319,#1745,.T.);
#1167=EDGE_CURVE('',#1418,#1415,#1746,.F.);
#1168=EDGE_CURVE('',#1368,#1418,#39,.T.);
#1169=EDGE_CURVE('',#1437,#1361,#1747,.T.);
#1170=EDGE_CURVE('',#1438,#1437,#1748,.T.);
#1171=EDGE_CURVE('',#1308,#1440,#1749,.T.);
#1172=EDGE_CURVE('',#1417,#1410,#1750,.F.);
#1173=EDGE_CURVE('',#1410,#1319,#1751,.T.);
#1174=EDGE_CURVE('',#1368,#1415,#1752,.T.);
#1175=EDGE_CURVE('',#1438,#1361,#1753,.T.);
#1176=EDGE_CURVE('',#1308,#1445,#40,.F.);
#1177=EDGE_CURVE('',#1445,#1440,#1754,.T.);
#1178=EDGE_CURVE('',#1406,#1313,#1755,.F.);
#1179=EDGE_CURVE('',#1314,#1404,#1756,.F.);
#1180=EDGE_CURVE('',#1315,#1409,#1757,.T.);
#1181=EDGE_CURVE('',#1411,#1318,#1758,.F.);
#1182=EDGE_CURVE('',#1414,#1413,#1759,.T.);
#1183=EDGE_CURVE('',#1369,#1414,#1760,.F.);
#1184=EDGE_CURVE('',#1439,#1360,#1761,.F.);
#1185=EDGE_CURVE('',#1442,#1439,#1762,.F.);
#1186=EDGE_CURVE('',#1309,#1444,#41,.T.);
#1187=EDGE_CURVE('',#1498,#1312,#1763,.T.);
#1188=EDGE_CURVE('',#1316,#1394,#1764,.T.);
#1189=EDGE_CURVE('',#1411,#1494,#1765,.T.);
#1190=EDGE_CURVE('',#1494,#1318,#42,.F.);
#1191=EDGE_CURVE('',#1369,#1413,#1766,.F.);
#1192=EDGE_CURVE('',#1442,#1360,#43,.F.);
#1193=EDGE_CURVE('',#1309,#1447,#1767,.F.);
#1194=EDGE_CURVE('',#1447,#1444,#1768,.T.);
#1195=EDGE_CURVE('',#1389,#1311,#1769,.F.);
#1196=EDGE_CURVE('',#1317,#1393,#1770,.T.);
#1197=EDGE_CURVE('',#1495,#1317,#44,.T.);
#1198=EDGE_CURVE('',#1412,#1497,#1771,.F.);
#1199=EDGE_CURVE('',#1370,#1412,#1772,.T.);
#1200=EDGE_CURVE('',#1443,#1359,#45,.T.);
#1201=EDGE_CURVE('',#1448,#1443,#1773,.F.);
#1202=EDGE_CURVE('',#1310,#1446,#1774,.T.);
#1203=EDGE_CURVE('',#1390,#1310,#1775,.T.);
#1204=EDGE_CURVE('',#1495,#1393,#1776,.T.);
#1205=EDGE_CURVE('',#1370,#1497,#46,.F.);
#1206=EDGE_CURVE('',#1448,#1359,#1777,.T.);
#1207=EDGE_CURVE('',#1390,#1446,#1778,.T.);
#1208=EDGE_CURVE('',#1496,#1392,#1779,.F.);
#1209=EDGE_CURVE('',#1371,#1496,#47,.T.);
#1210=EDGE_CURVE('',#1449,#1358,#1780,.F.);
#1211=EDGE_CURVE('',#1391,#1449,#1781,.F.);
#1212=EDGE_CURVE('',#1371,#1392,#1782,.T.);
#1213=EDGE_CURVE('',#1391,#1358,#1783,.T.);
#1214=EDGE_CURVE('',#1339,#1402,#1784,.T.);
#1215=EDGE_CURVE('',#1380,#1338,#1785,.T.);
#1216=EDGE_CURVE('',#1382,#1337,#1786,.F.);
#1217=EDGE_CURVE('',#1372,#1399,#1787,.F.);
#1218=EDGE_CURVE('',#1384,#1357,#1788,.F.);
#1219=EDGE_CURVE('',#1340,#1401,#1789,.F.);
#1220=EDGE_CURVE('',#1397,#1336,#1790,.F.);
#1221=EDGE_CURVE('',#1372,#1493,#1791,.F.);
#1222=EDGE_CURVE('',#1493,#1399,#1792,.F.);
#1223=EDGE_CURVE('',#1384,#1450,#1793,.F.);
#1224=EDGE_CURVE('',#1450,#1357,#1794,.F.);
#1225=EDGE_CURVE('',#1341,#1386,#1795,.T.);
#1226=EDGE_CURVE('',#1398,#1335,#1796,.T.);
#1227=EDGE_CURVE('',#1490,#1398,#1797,.T.);
#1228=EDGE_CURVE('',#1373,#1492,#1798,.T.);
#1229=EDGE_CURVE('',#1451,#1356,#1799,.T.);
#1230=EDGE_CURVE('',#1385,#1453,#1800,.T.);
#1231=EDGE_CURVE('',#1342,#1385,#1801,.T.);
#1232=EDGE_CURVE('',#1490,#1335,#1802,.T.);
#1233=EDGE_CURVE('',#1373,#1489,#48,.F.);
#1234=EDGE_CURVE('',#1489,#1492,#1803,.T.);
#1235=EDGE_CURVE('',#1451,#1456,#1804,.T.);
#1236=EDGE_CURVE('',#1456,#1356,#49,.F.);
#1237=EDGE_CURVE('',#1342,#1453,#1805,.T.);
#1238=EDGE_CURVE('',#1491,#1334,#1806,.F.);
#1239=EDGE_CURVE('',#1486,#1491,#1807,.F.);
#1240=EDGE_CURVE('',#1374,#1488,#50,.T.);
#1241=EDGE_CURVE('',#1457,#1355,#51,.T.);
#1242=EDGE_CURVE('',#1452,#1455,#1808,.F.);
#1243=EDGE_CURVE('',#1343,#1452,#1809,.F.);
#1244=EDGE_CURVE('',#1486,#1334,#52,.F.);
#1245=EDGE_CURVE('',#1374,#1483,#1810,.F.);
#1246=EDGE_CURVE('',#1483,#1488,#1811,.T.);
#1247=EDGE_CURVE('',#1457,#1460,#1812,.T.);
#1248=EDGE_CURVE('',#1460,#1355,#1813,.F.);
#1249=EDGE_CURVE('',#1343,#1455,#53,.F.);
#1250=EDGE_CURVE('',#1487,#1333,#54,.T.);
#1251=EDGE_CURVE('',#1484,#1487,#1814,.F.);
#1252=EDGE_CURVE('',#1375,#1482,#1815,.T.);
#1253=EDGE_CURVE('',#1461,#1354,#1816,.T.);
#1254=EDGE_CURVE('',#1454,#1459,#1817,.F.);
#1255=EDGE_CURVE('',#1344,#1454,#55,.T.);
#1256=EDGE_CURVE('',#1484,#1333,#1818,.T.);
#1257=EDGE_CURVE('',#1375,#1481,#1819,.F.);
#1258=EDGE_CURVE('',#1481,#1482,#1820,.T.);
#1259=EDGE_CURVE('',#1461,#1462,#1821,.F.);
#1260=EDGE_CURVE('',#1462,#1354,#1822,.T.);
#1261=EDGE_CURVE('',#1344,#1459,#1823,.T.);
#1262=EDGE_CURVE('',#1485,#1332,#1824,.F.);
#1263=EDGE_CURVE('',#1478,#1485,#1825,.F.);
#1264=EDGE_CURVE('',#1376,#1480,#1826,.T.);
#1265=EDGE_CURVE('',#1463,#1352,#1827,.T.);
#1266=EDGE_CURVE('',#1458,#1465,#1828,.T.);
#1267=EDGE_CURVE('',#1345,#1458,#1829,.F.);
#1268=EDGE_CURVE('',#1478,#1332,#1830,.T.);
#1269=EDGE_CURVE('',#1477,#1480,#1831,.T.);
#1270=EDGE_CURVE('',#1377,#1477,#1832,.F.);
#1271=EDGE_CURVE('',#1466,#1353,#1833,.F.);
#1272=EDGE_CURVE('',#1463,#1466,#1834,.F.);
#1273=EDGE_CURVE('',#1345,#1465,#1835,.F.);
#1274=EDGE_CURVE('',#1479,#1331,#1836,.T.);
#1275=EDGE_CURVE('',#1474,#1479,#1837,.F.);
#1276=EDGE_CURVE('',#1378,#1476,#1838,.T.);
#1277=EDGE_CURVE('',#1379,#1472,#56,.T.);
#1278=EDGE_CURVE('',#1473,#1378,#57,.T.);
#1279=EDGE_CURVE('',#1467,#1379,#1839,.T.);
#1280=EDGE_CURVE('',#1464,#1469,#1840,.T.);
#1281=EDGE_CURVE('',#1327,#1464,#1841,.T.);
#1282=EDGE_CURVE('',#1474,#1330,#1842,.F.);
#1283=EDGE_CURVE('',#1473,#1476,#1843,.T.);
#1284=EDGE_CURVE('',#1467,#1472,#1844,.T.);
#1285=EDGE_CURVE('',#1326,#1469,#1845,.F.);
#1286=EDGE_CURVE('',#1475,#1329,#1846,.F.);
#1287=EDGE_CURVE('',#1470,#1475,#1847,.F.);
#1288=EDGE_CURVE('',#1468,#1471,#1848,.F.);
#1289=EDGE_CURVE('',#1328,#1468,#1849,.F.);
#1290=EDGE_CURVE('',#1470,#1329,#58,.F.);
#1291=EDGE_CURVE('',#1328,#1471,#59,.F.);
#1292=EDGE_CURVE('',#1508,#1509,#98,.T.);
#1293=EDGE_CURVE('',#1512,#1512,#99,.F.);
#1294=EDGE_CURVE('',#1513,#1513,#100,.F.);
#1295=EDGE_CURVE('',#1514,#1514,#101,.T.);
#1296=EDGE_CURVE('',#1510,#1511,#102,.T.);
#1297=EDGE_CURVE('',#1515,#1515,#103,.F.);
#1298=EDGE_CURVE('',#1516,#1516,#104,.F.);
#1299=EDGE_CURVE('',#1517,#1517,#105,.T.);
#1300=EDGE_CURVE('',#1518,#1518,#106,.T.);
#1301=EDGE_CURVE('',#1519,#1519,#107,.T.);
#1302=VERTEX_POINT('',#3978);
#1303=VERTEX_POINT('',#3979);
#1304=VERTEX_POINT('',#3981);
#1305=VERTEX_POINT('',#3983);
#1306=VERTEX_POINT('',#3985);
#1307=VERTEX_POINT('',#3987);
#1308=VERTEX_POINT('',#3989);
#1309=VERTEX_POINT('',#3991);
#1310=VERTEX_POINT('',#3993);
#1311=VERTEX_POINT('',#3995);
#1312=VERTEX_POINT('',#3997);
#1313=VERTEX_POINT('',#3999);
#1314=VERTEX_POINT('',#4001);
#1315=VERTEX_POINT('',#4003);
#1316=VERTEX_POINT('',#4005);
#1317=VERTEX_POINT('',#4007);
#1318=VERTEX_POINT('',#4009);
#1319=VERTEX_POINT('',#4011);
#1320=VERTEX_POINT('',#4013);
#1321=VERTEX_POINT('',#4015);
#1322=VERTEX_POINT('',#4017);
#1323=VERTEX_POINT('',#4019);
#1324=VERTEX_POINT('',#4021);
#1325=VERTEX_POINT('',#4023);
#1326=VERTEX_POINT('',#4027);
#1327=VERTEX_POINT('',#4028);
#1328=VERTEX_POINT('',#4030);
#1329=VERTEX_POINT('',#4032);
#1330=VERTEX_POINT('',#4034);
#1331=VERTEX_POINT('',#4036);
#1332=VERTEX_POINT('',#4038);
#1333=VERTEX_POINT('',#4040);
#1334=VERTEX_POINT('',#4042);
#1335=VERTEX_POINT('',#4044);
#1336=VERTEX_POINT('',#4046);
#1337=VERTEX_POINT('',#4048);
#1338=VERTEX_POINT('',#4050);
#1339=VERTEX_POINT('',#4052);
#1340=VERTEX_POINT('',#4054);
#1341=VERTEX_POINT('',#4056);
#1342=VERTEX_POINT('',#4058);
#1343=VERTEX_POINT('',#4060);
#1344=VERTEX_POINT('',#4062);
#1345=VERTEX_POINT('',#4064);
#1346=VERTEX_POINT('',#4068);
#1347=VERTEX_POINT('',#4070);
#1348=VERTEX_POINT('',#4072);
#1349=VERTEX_POINT('',#4073);
#1350=VERTEX_POINT('',#4075);
#1351=VERTEX_POINT('',#4077);
#1352=VERTEX_POINT('',#4080);
#1353=VERTEX_POINT('',#4081);
#1354=VERTEX_POINT('',#4083);
#1355=VERTEX_POINT('',#4085);
#1356=VERTEX_POINT('',#4087);
#1357=VERTEX_POINT('',#4089);
#1358=VERTEX_POINT('',#4091);
#1359=VERTEX_POINT('',#4093);
#1360=VERTEX_POINT('',#4095);
#1361=VERTEX_POINT('',#4097);
#1362=VERTEX_POINT('',#4099);
#1363=VERTEX_POINT('',#4101);
#1364=VERTEX_POINT('',#4103);
#1365=VERTEX_POINT('',#4105);
#1366=VERTEX_POINT('',#4107);
#1367=VERTEX_POINT('',#4109);
#1368=VERTEX_POINT('',#4111);
#1369=VERTEX_POINT('',#4113);
#1370=VERTEX_POINT('',#4115);
#1371=VERTEX_POINT('',#4117);
#1372=VERTEX_POINT('',#4119);
#1373=VERTEX_POINT('',#4121);
#1374=VERTEX_POINT('',#4123);
#1375=VERTEX_POINT('',#4125);
#1376=VERTEX_POINT('',#4127);
#1377=VERTEX_POINT('',#4129);
#1378=VERTEX_POINT('',#4131);
#1379=VERTEX_POINT('',#4133);
#1380=VERTEX_POINT('',#4137);
#1381=VERTEX_POINT('',#4138);
#1382=VERTEX_POINT('',#4140);
#1383=VERTEX_POINT('',#4142);
#1384=VERTEX_POINT('',#4146);
#1385=VERTEX_POINT('',#4147);
#1386=VERTEX_POINT('',#4149);
#1387=VERTEX_POINT('',#4151);
#1388=VERTEX_POINT('',#4153);
#1389=VERTEX_POINT('',#4155);
#1390=VERTEX_POINT('',#4157);
#1391=VERTEX_POINT('',#4159);
#1392=VERTEX_POINT('',#4163);
#1393=VERTEX_POINT('',#4164);
#1394=VERTEX_POINT('',#4166);
#1395=VERTEX_POINT('',#4168);
#1396=VERTEX_POINT('',#4170);
#1397=VERTEX_POINT('',#4172);
#1398=VERTEX_POINT('',#4174);
#1399=VERTEX_POINT('',#4176);
#1400=VERTEX_POINT('',#4180);
#1401=VERTEX_POINT('',#4181);
#1402=VERTEX_POINT('',#4183);
#1403=VERTEX_POINT('',#4185);
#1404=VERTEX_POINT('',#4189);
#1405=VERTEX_POINT('',#4190);
#1406=VERTEX_POINT('',#4192);
#1407=VERTEX_POINT('',#4194);
#1408=VERTEX_POINT('',#4198);
#1409=VERTEX_POINT('',#4199);
#1410=VERTEX_POINT('',#4207);
#1411=VERTEX_POINT('',#4208);
#1412=VERTEX_POINT('',#4210);
#1413=VERTEX_POINT('',#4212);
#1414=VERTEX_POINT('',#4216);
#1415=VERTEX_POINT('',#4217);
#1416=VERTEX_POINT('',#4219);
#1417=VERTEX_POINT('',#4221);
#1418=VERTEX_POINT('',#4225);
#1419=VERTEX_POINT('',#4226);
#1420=VERTEX_POINT('',#4228);
#1421=VERTEX_POINT('',#4230);
#1422=VERTEX_POINT('',#4234);
#1423=VERTEX_POINT('',#4235);
#1424=VERTEX_POINT('',#4237);
#1425=VERTEX_POINT('',#4239);
#1426=VERTEX_POINT('',#4243);
#1427=VERTEX_POINT('',#4244);
#1428=VERTEX_POINT('',#4246);
#1429=VERTEX_POINT('',#4248);
#1430=VERTEX_POINT('',#4252);
#1431=VERTEX_POINT('',#4253);
#1432=VERTEX_POINT('',#4255);
#1433=VERTEX_POINT('',#4257);
#1434=VERTEX_POINT('',#4261);
#1435=VERTEX_POINT('',#4262);
#1436=VERTEX_POINT('',#4264);
#1437=VERTEX_POINT('',#4266);
#1438=VERTEX_POINT('',#4270);
#1439=VERTEX_POINT('',#4271);
#1440=VERTEX_POINT('',#4273);
#1441=VERTEX_POINT('',#4275);
#1442=VERTEX_POINT('',#4279);
#1443=VERTEX_POINT('',#4280);
#1444=VERTEX_POINT('',#4282);
#1445=VERTEX_POINT('',#4284);
#1446=VERTEX_POINT('',#4288);
#1447=VERTEX_POINT('',#4289);
#1448=VERTEX_POINT('',#4291);
#1449=VERTEX_POINT('',#4293);
#1450=VERTEX_POINT('',#4297);
#1451=VERTEX_POINT('',#4298);
#1452=VERTEX_POINT('',#4300);
#1453=VERTEX_POINT('',#4302);
#1454=VERTEX_POINT('',#4306);
#1455=VERTEX_POINT('',#4307);
#1456=VERTEX_POINT('',#4309);
#1457=VERTEX_POINT('',#4311);
#1458=VERTEX_POINT('',#4315);
#1459=VERTEX_POINT('',#4316);
#1460=VERTEX_POINT('',#4318);
#1461=VERTEX_POINT('',#4320);
#1462=VERTEX_POINT('',#4324);
#1463=VERTEX_POINT('',#4325);
#1464=VERTEX_POINT('',#4327);
#1465=VERTEX_POINT('',#4329);
#1466=VERTEX_POINT('',#4333);
#1467=VERTEX_POINT('',#4334);
#1468=VERTEX_POINT('',#4336);
#1469=VERTEX_POINT('',#4338);
#1470=VERTEX_POINT('',#4342);
#1471=VERTEX_POINT('',#4343);
#1472=VERTEX_POINT('',#4345);
#1473=VERTEX_POINT('',#4347);
#1474=VERTEX_POINT('',#4351);
#1475=VERTEX_POINT('',#4352);
#1476=VERTEX_POINT('',#4354);
#1477=VERTEX_POINT('',#4356);
#1478=VERTEX_POINT('',#4360);
#1479=VERTEX_POINT('',#4361);
#1480=VERTEX_POINT('',#4363);
#1481=VERTEX_POINT('',#4365);
#1482=VERTEX_POINT('',#4369);
#1483=VERTEX_POINT('',#4370);
#1484=VERTEX_POINT('',#4372);
#1485=VERTEX_POINT('',#4374);
#1486=VERTEX_POINT('',#4378);
#1487=VERTEX_POINT('',#4379);
#1488=VERTEX_POINT('',#4381);
#1489=VERTEX_POINT('',#4383);
#1490=VERTEX_POINT('',#4387);
#1491=VERTEX_POINT('',#4388);
#1492=VERTEX_POINT('',#4390);
#1493=VERTEX_POINT('',#4392);
#1494=VERTEX_POINT('',#4396);
#1495=VERTEX_POINT('',#4397);
#1496=VERTEX_POINT('',#4399);
#1497=VERTEX_POINT('',#4401);
#1498=VERTEX_POINT('',#4405);
#1499=VERTEX_POINT('',#4407);
#1500=VERTEX_POINT('',#4411);
#1501=VERTEX_POINT('',#4412);
#1502=VERTEX_POINT('',#4414);
#1503=VERTEX_POINT('',#4416);
#1504=VERTEX_POINT('',#4420);
#1505=VERTEX_POINT('',#4422);
#1506=VERTEX_POINT('',#4426);
#1507=VERTEX_POINT('',#4428);
#1508=VERTEX_POINT('',#4478);
#1509=VERTEX_POINT('',#4480);
#1510=VERTEX_POINT('',#4489);
#1511=VERTEX_POINT('',#4491);
#1512=VERTEX_POINT('',#4839);
#1513=VERTEX_POINT('',#4842);
#1514=VERTEX_POINT('',#4844);
#1515=VERTEX_POINT('',#4848);
#1516=VERTEX_POINT('',#4851);
#1517=VERTEX_POINT('',#4853);
#1518=VERTEX_POINT('',#4856);
#1519=VERTEX_POINT('',#4859);
#1520=LINE('',#3977,#1850);
#1521=LINE('',#3982,#1851);
#1522=LINE('',#3984,#1852);
#1523=LINE('',#3986,#1853);
#1524=LINE('',#3988,#1854);
#1525=LINE('',#3992,#1855);
#1526=LINE('',#3994,#1856);
#1527=LINE('',#3996,#1857);
#1528=LINE('',#3998,#1858);
#1529=LINE('',#4000,#1859);
#1530=LINE('',#4002,#1860);
#1531=LINE('',#4004,#1861);
#1532=LINE('',#4006,#1862);
#1533=LINE('',#4010,#1863);
#1534=LINE('',#4012,#1864);
#1535=LINE('',#4016,#1865);
#1536=LINE('',#4018,#1866);
#1537=LINE('',#4020,#1867);
#1538=LINE('',#4022,#1868);
#1539=LINE('',#4026,#1869);
#1540=LINE('',#4029,#1870);
#1541=LINE('',#4033,#1871);
#1542=LINE('',#4035,#1872);
#1543=LINE('',#4037,#1873);
#1544=LINE('',#4039,#1874);
#1545=LINE('',#4043,#1875);
#1546=LINE('',#4045,#1876);
#1547=LINE('',#4047,#1877);
#1548=LINE('',#4049,#1878);
#1549=LINE('',#4051,#1879);
#1550=LINE('',#4053,#1880);
#1551=LINE('',#4055,#1881);
#1552=LINE('',#4057,#1882);
#1553=LINE('',#4059,#1883);
#1554=LINE('',#4063,#1884);
#1555=LINE('',#4065,#1885);
#1556=LINE('',#4071,#1886);
#1557=LINE('',#4074,#1887);
#1558=LINE('',#4076,#1888);
#1559=LINE('',#4078,#1889);
#1560=LINE('',#4079,#1890);
#1561=LINE('',#4082,#1891);
#1562=LINE('',#4084,#1892);
#1563=LINE('',#4088,#1893);
#1564=LINE('',#4090,#1894);
#1565=LINE('',#4092,#1895);
#1566=LINE('',#4096,#1896);
#1567=LINE('',#4098,#1897);
#1568=LINE('',#4100,#1898);
#1569=LINE('',#4102,#1899);
#1570=LINE('',#4104,#1900);
#1571=LINE('',#4106,#1901);
#1572=LINE('',#4108,#1902);
#1573=LINE('',#4112,#1903);
#1574=LINE('',#4114,#1904);
#1575=LINE('',#4118,#1905);
#1576=LINE('',#4120,#1906);
#1577=LINE('',#4124,#1907);
#1578=LINE('',#4126,#1908);
#1579=LINE('',#4128,#1909);
#1580=LINE('',#4130,#1910);
#1581=LINE('',#4134,#1911);
#1582=LINE('',#4136,#1912);
#1583=LINE('',#4139,#1913);
#1584=LINE('',#4141,#1914);
#1585=LINE('',#4143,#1915);
#1586=LINE('',#4145,#1916);
#1587=LINE('',#4148,#1917);
#1588=LINE('',#4150,#1918);
#1589=LINE('',#4152,#1919);
#1590=LINE('',#4154,#1920);
#1591=LINE('',#4156,#1921);
#1592=LINE('',#4158,#1922);
#1593=LINE('',#4160,#1923);
#1594=LINE('',#4162,#1924);
#1595=LINE('',#4165,#1925);
#1596=LINE('',#4167,#1926);
#1597=LINE('',#4169,#1927);
#1598=LINE('',#4171,#1928);
#1599=LINE('',#4173,#1929);
#1600=LINE('',#4175,#1930);
#1601=LINE('',#4177,#1931);
#1602=LINE('',#4179,#1932);
#1603=LINE('',#4182,#1933);
#1604=LINE('',#4184,#1934);
#1605=LINE('',#4186,#1935);
#1606=LINE('',#4188,#1936);
#1607=LINE('',#4191,#1937);
#1608=LINE('',#4193,#1938);
#1609=LINE('',#4195,#1939);
#1610=LINE('',#4197,#1940);
#1611=LINE('',#4200,#1941);
#1612=LINE('',#4201,#1942);
#1613=LINE('',#4203,#1943);
#1614=LINE('',#4204,#1944);
#1615=LINE('',#4206,#1945);
#1616=LINE('',#4209,#1946);
#1617=LINE('',#4211,#1947);
#1618=LINE('',#4213,#1948);
#1619=LINE('',#4215,#1949);
#1620=LINE('',#4218,#1950);
#1621=LINE('',#4220,#1951);
#1622=LINE('',#4222,#1952);
#1623=LINE('',#4227,#1953);
#1624=LINE('',#4231,#1954);
#1625=LINE('',#4233,#1955);
#1626=LINE('',#4236,#1956);
#1627=LINE('',#4238,#1957);
#1628=LINE('',#4240,#1958);
#1629=LINE('',#4242,#1959);
#1630=LINE('',#4245,#1960);
#1631=LINE('',#4247,#1961);
#1632=LINE('',#4249,#1962);
#1633=LINE('',#4251,#1963);
#1634=LINE('',#4254,#1964);
#1635=LINE('',#4256,#1965);
#1636=LINE('',#4258,#1966);
#1637=LINE('',#4260,#1967);
#1638=LINE('',#4263,#1968);
#1639=LINE('',#4265,#1969);
#1640=LINE('',#4267,#1970);
#1641=LINE('',#4269,#1971);
#1642=LINE('',#4272,#1972);
#1643=LINE('',#4274,#1973);
#1644=LINE('',#4276,#1974);
#1645=LINE('',#4281,#1975);
#1646=LINE('',#4285,#1976);
#1647=LINE('',#4287,#1977);
#1648=LINE('',#4290,#1978);
#1649=LINE('',#4292,#1979);
#1650=LINE('',#4294,#1980);
#1651=LINE('',#4296,#1981);
#1652=LINE('',#4299,#1982);
#1653=LINE('',#4301,#1983);
#1654=LINE('',#4303,#1984);
#1655=LINE('',#4308,#1985);
#1656=LINE('',#4312,#1986);
#1657=LINE('',#4314,#1987);
#1658=LINE('',#4317,#1988);
#1659=LINE('',#4319,#1989);
#1660=LINE('',#4321,#1990);
#1661=LINE('',#4323,#1991);
#1662=LINE('',#4326,#1992);
#1663=LINE('',#4328,#1993);
#1664=LINE('',#4330,#1994);
#1665=LINE('',#4332,#1995);
#1666=LINE('',#4335,#1996);
#1667=LINE('',#4337,#1997);
#1668=LINE('',#4339,#1998);
#1669=LINE('',#4344,#1999);
#1670=LINE('',#4348,#2000);
#1671=LINE('',#4350,#2001);
#1672=LINE('',#4353,#2002);
#1673=LINE('',#4355,#2003);
#1674=LINE('',#4357,#2004);
#1675=LINE('',#4359,#2005);
#1676=LINE('',#4362,#2006);
#1677=LINE('',#4364,#2007);
#1678=LINE('',#4366,#2008);
#1679=LINE('',#4368,#2009);
#1680=LINE('',#4371,#2010);
#1681=LINE('',#4373,#2011);
#1682=LINE('',#4375,#2012);
#1683=LINE('',#4380,#2013);
#1684=LINE('',#4384,#2014);
#1685=LINE('',#4386,#2015);
#1686=LINE('',#4389,#2016);
#1687=LINE('',#4391,#2017);
#1688=LINE('',#4393,#2018);
#1689=LINE('',#4398,#2019);
#1690=LINE('',#4402,#2020);
#1691=LINE('',#4404,#2021);
#1692=LINE('',#4406,#2022);
#1693=LINE('',#4408,#2023);
#1694=LINE('',#4410,#2024);
#1695=LINE('',#4413,#2025);
#1696=LINE('',#4415,#2026);
#1697=LINE('',#4417,#2027);
#1698=LINE('',#4419,#2028);
#1699=LINE('',#4421,#2029);
#1700=LINE('',#4423,#2030);
#1701=LINE('',#4425,#2031);
#1702=LINE('',#4427,#2032);
#1703=LINE('',#4429,#2033);
#1704=LINE('',#4431,#2034);
#1705=LINE('',#4432,#2035);
#1706=LINE('',#4434,#2036);
#1707=LINE('',#4435,#2037);
#1708=LINE('',#4436,#2038);
#1709=LINE('',#4437,#2039);
#1710=LINE('',#4439,#2040);
#1711=LINE('',#4441,#2041);
#1712=LINE('',#4443,#2042);
#1713=LINE('',#4445,#2043);
#1714=LINE('',#4447,#2044);
#1715=LINE('',#4448,#2045);
#1716=LINE('',#4450,#2046);
#1717=LINE('',#4452,#2047);
#1718=LINE('',#4455,#2048);
#1719=LINE('',#4456,#2049);
#1720=LINE('',#4458,#2050);
#1721=LINE('',#4459,#2051);
#1722=LINE('',#4461,#2052);
#1723=LINE('',#4462,#2053);
#1724=LINE('',#4464,#2054);
#1725=LINE('',#4466,#2055);
#1726=LINE('',#4468,#2056);
#1727=LINE('',#4469,#2057);
#1728=LINE('',#4471,#2058);
#1729=LINE('',#4473,#2059);
#1730=LINE('',#4497,#2060);
#1731=LINE('',#4503,#2061);
#1732=LINE('',#4505,#2062);
#1733=LINE('',#4507,#2063);
#1734=LINE('',#4508,#2064);
#1735=LINE('',#4515,#2065);
#1736=LINE('',#4517,#2066);
#1737=LINE('',#4519,#2067);
#1738=LINE('',#4521,#2068);
#1739=LINE('',#4523,#2069);
#1740=LINE('',#4525,#2070);
#1741=LINE('',#4526,#2071);
#1742=LINE('',#4533,#2072);
#1743=LINE('',#4535,#2073);
#1744=LINE('',#4536,#2074);
#1745=LINE('',#4538,#2075);
#1746=LINE('',#4540,#2076);
#1747=LINE('',#4547,#2077);
#1748=LINE('',#4549,#2078);
#1749=LINE('',#4551,#2079);
#1750=LINE('',#4553,#2080);
#1751=LINE('',#4554,#2081);
#1752=LINE('',#4556,#2082);
#1753=LINE('',#4558,#2083);
#1754=LINE('',#4564,#2084);
#1755=LINE('',#4566,#2085);
#1756=LINE('',#4567,#2086);
#1757=LINE('',#4569,#2087);
#1758=LINE('',#4571,#2088);
#1759=LINE('',#4573,#2089);
#1760=LINE('',#4575,#2090);
#1761=LINE('',#4577,#2091);
#1762=LINE('',#4579,#2092);
#1763=LINE('',#4586,#2093);
#1764=LINE('',#4588,#2094);
#1765=LINE('',#4590,#2095);
#1766=LINE('',#4596,#2096);
#1767=LINE('',#4603,#2097);
#1768=LINE('',#4604,#2098);
#1769=LINE('',#4606,#2099);
#1770=LINE('',#4608,#2100);
#1771=LINE('',#4615,#2101);
#1772=LINE('',#4617,#2102);
#1773=LINE('',#4624,#2103);
#1774=LINE('',#4626,#2104);
#1775=LINE('',#4628,#2105);
#1776=LINE('',#4630,#2106);
#1777=LINE('',#4637,#2107);
#1778=LINE('',#4639,#2108);
#1779=LINE('',#4641,#2109);
#1780=LINE('',#4648,#2110);
#1781=LINE('',#4650,#2111);
#1782=LINE('',#4652,#2112);
#1783=LINE('',#4654,#2113);
#1784=LINE('',#4656,#2114);
#1785=LINE('',#4657,#2115);
#1786=LINE('',#4659,#2116);
#1787=LINE('',#4661,#2117);
#1788=LINE('',#4663,#2118);
#1789=LINE('',#4665,#2119);
#1790=LINE('',#4667,#2120);
#1791=LINE('',#4669,#2121);
#1792=LINE('',#4670,#2122);
#1793=LINE('',#4672,#2123);
#1794=LINE('',#4673,#2124);
#1795=LINE('',#4675,#2125);
#1796=LINE('',#4677,#2126);
#1797=LINE('',#4679,#2127);
#1798=LINE('',#4681,#2128);
#1799=LINE('',#4683,#2129);
#1800=LINE('',#4685,#2130);
#1801=LINE('',#4687,#2131);
#1802=LINE('',#4689,#2132);
#1803=LINE('',#4695,#2133);
#1804=LINE('',#4697,#2134);
#1805=LINE('',#4703,#2135);
#1806=LINE('',#4705,#2136);
#1807=LINE('',#4707,#2137);
#1808=LINE('',#4719,#2138);
#1809=LINE('',#4721,#2139);
#1810=LINE('',#4728,#2140);
#1811=LINE('',#4729,#2141);
#1812=LINE('',#4731,#2142);
#1813=LINE('',#4732,#2143);
#1814=LINE('',#4744,#2144);
#1815=LINE('',#4746,#2145);
#1816=LINE('',#4748,#2146);
#1817=LINE('',#4750,#2147);
#1818=LINE('',#4757,#2148);
#1819=LINE('',#4759,#2149);
#1820=LINE('',#4760,#2150);
#1821=LINE('',#4762,#2151);
#1822=LINE('',#4763,#2152);
#1823=LINE('',#4765,#2153);
#1824=LINE('',#4767,#2154);
#1825=LINE('',#4769,#2155);
#1826=LINE('',#4771,#2156);
#1827=LINE('',#4773,#2157);
#1828=LINE('',#4775,#2158);
#1829=LINE('',#4777,#2159);
#1830=LINE('',#4779,#2160);
#1831=LINE('',#4781,#2161);
#1832=LINE('',#4782,#2162);
#1833=LINE('',#4784,#2163);
#1834=LINE('',#4785,#2164);
#1835=LINE('',#4787,#2165);
#1836=LINE('',#4789,#2166);
#1837=LINE('',#4791,#2167);
#1838=LINE('',#4793,#2168);
#1839=LINE('',#4804,#2169);
#1840=LINE('',#4806,#2170);
#1841=LINE('',#4808,#2171);
#1842=LINE('',#4810,#2172);
#1843=LINE('',#4812,#2173);
#1844=LINE('',#4814,#2174);
#1845=LINE('',#4816,#2175);
#1846=LINE('',#4818,#2176);
#1847=LINE('',#4820,#2177);
#1848=LINE('',#4822,#2178);
#1849=LINE('',#4824,#2179);
#1850=VECTOR('',#3187,1.);
#1851=VECTOR('',#3190,1.);
#1852=VECTOR('',#3191,1.);
#1853=VECTOR('',#3192,1.);
#1854=VECTOR('',#3193,1.);
#1855=VECTOR('',#3196,1.);
#1856=VECTOR('',#3197,1.);
#1857=VECTOR('',#3198,1.);
#1858=VECTOR('',#3199,1.);
#1859=VECTOR('',#3200,1.);
#1860=VECTOR('',#3201,1.);
#1861=VECTOR('',#3202,1.);
#1862=VECTOR('',#3203,1.);
#1863=VECTOR('',#3206,1.);
#1864=VECTOR('',#3207,1.);
#1865=VECTOR('',#3210,1.);
#1866=VECTOR('',#3211,1.);
#1867=VECTOR('',#3212,1.);
#1868=VECTOR('',#3213,1.);
#1869=VECTOR('',#3218,1.);
#1870=VECTOR('',#3219,1.);
#1871=VECTOR('',#3222,1.);
#1872=VECTOR('',#3223,1.);
#1873=VECTOR('',#3224,1.);
#1874=VECTOR('',#3225,1.);
#1875=VECTOR('',#3228,1.);
#1876=VECTOR('',#3229,1.);
#1877=VECTOR('',#3230,1.);
#1878=VECTOR('',#3231,1.);
#1879=VECTOR('',#3232,1.);
#1880=VECTOR('',#3233,1.);
#1881=VECTOR('',#3234,1.);
#1882=VECTOR('',#3235,1.);
#1883=VECTOR('',#3236,1.);
#1884=VECTOR('',#3239,1.);
#1885=VECTOR('',#3240,1.);
#1886=VECTOR('',#3247,1.);
#1887=VECTOR('',#3248,1.);
#1888=VECTOR('',#3249,1.);
#1889=VECTOR('',#3250,1.);
#1890=VECTOR('',#3251,1.);
#1891=VECTOR('',#3252,1.);
#1892=VECTOR('',#3253,1.);
#1893=VECTOR('',#3256,1.);
#1894=VECTOR('',#3257,1.);
#1895=VECTOR('',#3258,1.);
#1896=VECTOR('',#3261,1.);
#1897=VECTOR('',#3262,1.);
#1898=VECTOR('',#3263,1.);
#1899=VECTOR('',#3264,1.);
#1900=VECTOR('',#3265,1.);
#1901=VECTOR('',#3266,1.);
#1902=VECTOR('',#3267,1.);
#1903=VECTOR('',#3270,1.);
#1904=VECTOR('',#3271,1.);
#1905=VECTOR('',#3274,1.);
#1906=VECTOR('',#3275,1.);
#1907=VECTOR('',#3278,1.);
#1908=VECTOR('',#3279,1.);
#1909=VECTOR('',#3280,1.);
#1910=VECTOR('',#3281,1.);
#1911=VECTOR('',#3284,1.);
#1912=VECTOR('',#3287,1.);
#1913=VECTOR('',#3288,1.);
#1914=VECTOR('',#3289,1.);
#1915=VECTOR('',#3290,1.);
#1916=VECTOR('',#3293,1.);
#1917=VECTOR('',#3294,1.);
#1918=VECTOR('',#3295,1.);
#1919=VECTOR('',#3296,1.);
#1920=VECTOR('',#3297,1.);
#1921=VECTOR('',#3298,1.);
#1922=VECTOR('',#3299,1.);
#1923=VECTOR('',#3300,1.);
#1924=VECTOR('',#3303,1.);
#1925=VECTOR('',#3304,1.);
#1926=VECTOR('',#3305,1.);
#1927=VECTOR('',#3306,1.);
#1928=VECTOR('',#3307,1.);
#1929=VECTOR('',#3308,1.);
#1930=VECTOR('',#3309,1.);
#1931=VECTOR('',#3310,1.);
#1932=VECTOR('',#3313,1.);
#1933=VECTOR('',#3314,1.);
#1934=VECTOR('',#3315,1.);
#1935=VECTOR('',#3316,1.);
#1936=VECTOR('',#3319,1.);
#1937=VECTOR('',#3320,1.);
#1938=VECTOR('',#3321,1.);
#1939=VECTOR('',#3322,1.);
#1940=VECTOR('',#3325,1.);
#1941=VECTOR('',#3326,1.);
#1942=VECTOR('',#3327,1.);
#1943=VECTOR('',#3330,1.);
#1944=VECTOR('',#3331,1.);
#1945=VECTOR('',#3334,1.);
#1946=VECTOR('',#3335,1.);
#1947=VECTOR('',#3336,1.);
#1948=VECTOR('',#3337,1.);
#1949=VECTOR('',#3340,1.);
#1950=VECTOR('',#3341,1.);
#1951=VECTOR('',#3342,1.);
#1952=VECTOR('',#3343,1.);
#1953=VECTOR('',#3348,1.);
#1954=VECTOR('',#3351,1.);
#1955=VECTOR('',#3354,1.);
#1956=VECTOR('',#3355,1.);
#1957=VECTOR('',#3356,1.);
#1958=VECTOR('',#3357,1.);
#1959=VECTOR('',#3360,1.);
#1960=VECTOR('',#3361,1.);
#1961=VECTOR('',#3362,1.);
#1962=VECTOR('',#3363,1.);
#1963=VECTOR('',#3366,1.);
#1964=VECTOR('',#3367,1.);
#1965=VECTOR('',#3368,1.);
#1966=VECTOR('',#3369,1.);
#1967=VECTOR('',#3372,1.);
#1968=VECTOR('',#3373,1.);
#1969=VECTOR('',#3374,1.);
#1970=VECTOR('',#3375,1.);
#1971=VECTOR('',#3378,1.);
#1972=VECTOR('',#3379,1.);
#1973=VECTOR('',#3380,1.);
#1974=VECTOR('',#3381,1.);
#1975=VECTOR('',#3386,1.);
#1976=VECTOR('',#3389,1.);
#1977=VECTOR('',#3392,1.);
#1978=VECTOR('',#3393,1.);
#1979=VECTOR('',#3394,1.);
#1980=VECTOR('',#3395,1.);
#1981=VECTOR('',#3398,1.);
#1982=VECTOR('',#3399,1.);
#1983=VECTOR('',#3400,1.);
#1984=VECTOR('',#3401,1.);
#1985=VECTOR('',#3406,1.);
#1986=VECTOR('',#3409,1.);
#1987=VECTOR('',#3412,1.);
#1988=VECTOR('',#3413,1.);
#1989=VECTOR('',#3414,1.);
#1990=VECTOR('',#3415,1.);
#1991=VECTOR('',#3418,1.);
#1992=VECTOR('',#3419,1.);
#1993=VECTOR('',#3420,1.);
#1994=VECTOR('',#3421,1.);
#1995=VECTOR('',#3424,1.);
#1996=VECTOR('',#3425,1.);
#1997=VECTOR('',#3426,1.);
#1998=VECTOR('',#3427,1.);
#1999=VECTOR('',#3432,1.);
#2000=VECTOR('',#3435,1.);
#2001=VECTOR('',#3438,1.);
#2002=VECTOR('',#3439,1.);
#2003=VECTOR('',#3440,1.);
#2004=VECTOR('',#3441,1.);
#2005=VECTOR('',#3444,1.);
#2006=VECTOR('',#3445,1.);
#2007=VECTOR('',#3446,1.);
#2008=VECTOR('',#3447,1.);
#2009=VECTOR('',#3450,1.);
#2010=VECTOR('',#3451,1.);
#2011=VECTOR('',#3452,1.);
#2012=VECTOR('',#3453,1.);
#2013=VECTOR('',#3458,1.);
#2014=VECTOR('',#3461,1.);
#2015=VECTOR('',#3464,1.);
#2016=VECTOR('',#3465,1.);
#2017=VECTOR('',#3466,1.);
#2018=VECTOR('',#3467,1.);
#2019=VECTOR('',#3472,1.);
#2020=VECTOR('',#3475,1.);
#2021=VECTOR('',#3478,1.);
#2022=VECTOR('',#3479,1.);
#2023=VECTOR('',#3480,1.);
#2024=VECTOR('',#3483,1.);
#2025=VECTOR('',#3484,1.);
#2026=VECTOR('',#3485,1.);
#2027=VECTOR('',#3486,1.);
#2028=VECTOR('',#3489,1.);
#2029=VECTOR('',#3490,1.);
#2030=VECTOR('',#3491,1.);
#2031=VECTOR('',#3494,1.);
#2032=VECTOR('',#3495,1.);
#2033=VECTOR('',#3496,1.);
#2034=VECTOR('',#3499,1.);
#2035=VECTOR('',#3500,1.);
#2036=VECTOR('',#3503,1.);
#2037=VECTOR('',#3504,1.);
#2038=VECTOR('',#3505,1.);
#2039=VECTOR('',#3506,1.);
#2040=VECTOR('',#3509,1.);
#2041=VECTOR('',#3512,1.);
#2042=VECTOR('',#3515,1.);
#2043=VECTOR('',#3518,1.);
#2044=VECTOR('',#3521,1.);
#2045=VECTOR('',#3522,1.);
#2046=VECTOR('',#3525,1.);
#2047=VECTOR('',#3528,1.);
#2048=VECTOR('',#3533,1.);
#2049=VECTOR('',#3534,1.);
#2050=VECTOR('',#3537,1.);
#2051=VECTOR('',#3538,1.);
#2052=VECTOR('',#3541,1.);
#2053=VECTOR('',#3542,1.);
#2054=VECTOR('',#3545,1.);
#2055=VECTOR('',#3548,1.);
#2056=VECTOR('',#3551,1.);
#2057=VECTOR('',#3552,1.);
#2058=VECTOR('',#3555,1.);
#2059=VECTOR('',#3558,1.);
#2060=VECTOR('',#3565,1.);
#2061=VECTOR('',#3568,1.);
#2062=VECTOR('',#3571,1.);
#2063=VECTOR('',#3574,1.);
#2064=VECTOR('',#3575,1.);
#2065=VECTOR('',#3580,1.);
#2066=VECTOR('',#3583,1.);
#2067=VECTOR('',#3586,1.);
#2068=VECTOR('',#3589,1.);
#2069=VECTOR('',#3592,1.);
#2070=VECTOR('',#3595,1.);
#2071=VECTOR('',#3596,1.);
#2072=VECTOR('',#3601,1.);
#2073=VECTOR('',#3604,1.);
#2074=VECTOR('',#3605,1.);
#2075=VECTOR('',#3608,1.);
#2076=VECTOR('',#3611,1.);
#2077=VECTOR('',#3616,1.);
#2078=VECTOR('',#3619,1.);
#2079=VECTOR('',#3622,1.);
#2080=VECTOR('',#3625,1.);
#2081=VECTOR('',#3626,1.);
#2082=VECTOR('',#3629,1.);
#2083=VECTOR('',#3632,1.);
#2084=VECTOR('',#3635,1.);
#2085=VECTOR('',#3638,1.);
#2086=VECTOR('',#3639,1.);
#2087=VECTOR('',#3642,1.);
#2088=VECTOR('',#3645,1.);
#2089=VECTOR('',#3648,1.);
#2090=VECTOR('',#3651,1.);
#2091=VECTOR('',#3654,1.);
#2092=VECTOR('',#3657,1.);
#2093=VECTOR('',#3662,1.);
#2094=VECTOR('',#3665,1.);
#2095=VECTOR('',#3668,1.);
#2096=VECTOR('',#3671,1.);
#2097=VECTOR('',#3676,1.);
#2098=VECTOR('',#3677,1.);
#2099=VECTOR('',#3680,1.);
#2100=VECTOR('',#3683,1.);
#2101=VECTOR('',#3688,1.);
#2102=VECTOR('',#3691,1.);
#2103=VECTOR('',#3696,1.);
#2104=VECTOR('',#3699,1.);
#2105=VECTOR('',#3702,1.);
#2106=VECTOR('',#3705,1.);
#2107=VECTOR('',#3710,1.);
#2108=VECTOR('',#3713,1.);
#2109=VECTOR('',#3716,1.);
#2110=VECTOR('',#3721,1.);
#2111=VECTOR('',#3724,1.);
#2112=VECTOR('',#3727,1.);
#2113=VECTOR('',#3730,1.);
#2114=VECTOR('',#3733,1.);
#2115=VECTOR('',#3734,1.);
#2116=VECTOR('',#3737,1.);
#2117=VECTOR('',#3740,1.);
#2118=VECTOR('',#3743,1.);
#2119=VECTOR('',#3746,1.);
#2120=VECTOR('',#3749,1.);
#2121=VECTOR('',#3752,1.);
#2122=VECTOR('',#3753,1.);
#2123=VECTOR('',#3756,1.);
#2124=VECTOR('',#3757,1.);
#2125=VECTOR('',#3760,1.);
#2126=VECTOR('',#3763,1.);
#2127=VECTOR('',#3766,1.);
#2128=VECTOR('',#3769,1.);
#2129=VECTOR('',#3772,1.);
#2130=VECTOR('',#3775,1.);
#2131=VECTOR('',#3778,1.);
#2132=VECTOR('',#3781,1.);
#2133=VECTOR('',#3784,1.);
#2134=VECTOR('',#3787,1.);
#2135=VECTOR('',#3790,1.);
#2136=VECTOR('',#3793,1.);
#2137=VECTOR('',#3796,1.);
#2138=VECTOR('',#3803,1.);
#2139=VECTOR('',#3806,1.);
#2140=VECTOR('',#3811,1.);
#2141=VECTOR('',#3812,1.);
#2142=VECTOR('',#3815,1.);
#2143=VECTOR('',#3816,1.);
#2144=VECTOR('',#3823,1.);
#2145=VECTOR('',#3826,1.);
#2146=VECTOR('',#3829,1.);
#2147=VECTOR('',#3832,1.);
#2148=VECTOR('',#3837,1.);
#2149=VECTOR('',#3840,1.);
#2150=VECTOR('',#3841,1.);
#2151=VECTOR('',#3844,1.);
#2152=VECTOR('',#3845,1.);
#2153=VECTOR('',#3848,1.);
#2154=VECTOR('',#3851,1.);
#2155=VECTOR('',#3854,1.);
#2156=VECTOR('',#3857,1.);
#2157=VECTOR('',#3860,1.);
#2158=VECTOR('',#3863,1.);
#2159=VECTOR('',#3866,1.);
#2160=VECTOR('',#3869,1.);
#2161=VECTOR('',#3872,1.);
#2162=VECTOR('',#3873,1.);
#2163=VECTOR('',#3876,1.);
#2164=VECTOR('',#3877,1.);
#2165=VECTOR('',#3880,1.);
#2166=VECTOR('',#3883,1.);
#2167=VECTOR('',#3886,1.);
#2168=VECTOR('',#3889,1.);
#2169=VECTOR('',#3894,1.);
#2170=VECTOR('',#3897,1.);
#2171=VECTOR('',#3900,1.);
#2172=VECTOR('',#3903,1.);
#2173=VECTOR('',#3906,1.);
#2174=VECTOR('',#3909,1.);
#2175=VECTOR('',#3912,1.);
#2176=VECTOR('',#3915,1.);
#2177=VECTOR('',#3918,1.);
#2178=VECTOR('',#3921,1.);
#2179=VECTOR('',#3924,1.);
#2180=EDGE_LOOP('',(#108,#109,#110,#111,#112,#113,#114,#115,#116,#117,#118,
#119,#120,#121,#122,#123,#124,#125,#126,#127,#128,#129,#130,#131));
#2181=EDGE_LOOP('',(#132,#133,#134,#135,#136,#137,#138,#139,#140,#141,#142,
#143,#144,#145,#146,#147,#148,#149,#150,#151));
#2182=EDGE_LOOP('',(#152));
#2183=EDGE_LOOP('',(#153));
#2184=EDGE_LOOP('',(#154,#155,#156,#157));
#2185=EDGE_LOOP('',(#158,#159,#160,#161,#162,#163,#164,#165,#166,#167,#168,
#169,#170,#171,#172,#173,#174,#175,#176,#177,#178,#179,#180,#181,#182,#183,
#184,#185));
#2186=EDGE_LOOP('',(#186,#187,#188,#189));
#2187=EDGE_LOOP('',(#190,#191,#192,#193,#194,#195,#196,#197));
#2188=EDGE_LOOP('',(#198,#199,#200,#201,#202,#203,#204,#205));
#2189=EDGE_LOOP('',(#206,#207,#208,#209));
#2190=EDGE_LOOP('',(#210,#211,#212,#213));
#2191=EDGE_LOOP('',(#214,#215,#216,#217));
#2192=EDGE_LOOP('',(#218,#219,#220,#221));
#2193=EDGE_LOOP('',(#222,#223,#224,#225));
#2194=EDGE_LOOP('',(#226,#227,#228,#229));
#2195=EDGE_LOOP('',(#230,#231,#232,#233));
#2196=EDGE_LOOP('',(#234,#235,#236,#237));
#2197=EDGE_LOOP('',(#238,#239,#240,#241));
#2198=EDGE_LOOP('',(#242,#243,#244,#245));
#2199=EDGE_LOOP('',(#246,#247,#248,#249));
#2200=EDGE_LOOP('',(#250,#251,#252,#253));
#2201=EDGE_LOOP('',(#254,#255,#256,#257));
#2202=EDGE_LOOP('',(#258,#259,#260,#261));
#2203=EDGE_LOOP('',(#262,#263,#264,#265));
#2204=EDGE_LOOP('',(#266,#267,#268,#269));
#2205=EDGE_LOOP('',(#270,#271,#272,#273));
#2206=EDGE_LOOP('',(#274,#275,#276,#277));
#2207=EDGE_LOOP('',(#278,#279,#280,#281));
#2208=EDGE_LOOP('',(#282,#283,#284,#285));
#2209=EDGE_LOOP('',(#286,#287,#288,#289));
#2210=EDGE_LOOP('',(#290,#291,#292,#293));
#2211=EDGE_LOOP('',(#294,#295,#296,#297));
#2212=EDGE_LOOP('',(#298,#299,#300,#301));
#2213=EDGE_LOOP('',(#302,#303,#304,#305));
#2214=EDGE_LOOP('',(#306,#307,#308,#309));
#2215=EDGE_LOOP('',(#310,#311,#312,#313));
#2216=EDGE_LOOP('',(#314,#315,#316,#317));
#2217=EDGE_LOOP('',(#318,#319,#320,#321));
#2218=EDGE_LOOP('',(#322,#323,#324,#325));
#2219=EDGE_LOOP('',(#326,#327,#328,#329));
#2220=EDGE_LOOP('',(#330,#331,#332,#333));
#2221=EDGE_LOOP('',(#334,#335,#336,#337,#338,#339,#340,#341,#342,#343,#344,
#345));
#2222=EDGE_LOOP('',(#346,#347,#348,#349));
#2223=EDGE_LOOP('',(#350,#351,#352,#353));
#2224=EDGE_LOOP('',(#354,#355,#356,#357));
#2225=EDGE_LOOP('',(#358,#359,#360,#361));
#2226=EDGE_LOOP('',(#362,#363,#364,#365));
#2227=EDGE_LOOP('',(#366,#367,#368,#369));
#2228=EDGE_LOOP('',(#370,#371,#372,#373));
#2229=EDGE_LOOP('',(#374,#375,#376,#377));
#2230=EDGE_LOOP('',(#378,#379,#380,#381));
#2231=EDGE_LOOP('',(#382,#383,#384));
#2232=EDGE_LOOP('',(#385,#386,#387,#388));
#2233=EDGE_LOOP('',(#389,#390,#391,#392));
#2234=EDGE_LOOP('',(#393,#394,#395,#396));
#2235=EDGE_LOOP('',(#397,#398,#399,#400));
#2236=EDGE_LOOP('',(#401,#402,#403,#404));
#2237=EDGE_LOOP('',(#405,#406,#407,#408,#409,#410,#411,#412,#413,#414,#415,
#416));
#2238=EDGE_LOOP('',(#417,#418,#419));
#2239=EDGE_LOOP('',(#420,#421,#422));
#2240=EDGE_LOOP('',(#423,#424,#425,#426));
#2241=EDGE_LOOP('',(#427,#428,#429,#430));
#2242=EDGE_LOOP('',(#431,#432,#433,#434));
#2243=EDGE_LOOP('',(#435,#436,#437,#438));
#2244=EDGE_LOOP('',(#439,#440,#441,#442));
#2245=EDGE_LOOP('',(#443,#444,#445,#446));
#2246=EDGE_LOOP('',(#447,#448,#449,#450));
#2247=EDGE_LOOP('',(#451,#452,#453,#454));
#2248=EDGE_LOOP('',(#455,#456,#457));
#2249=EDGE_LOOP('',(#458,#459,#460));
#2250=EDGE_LOOP('',(#461,#462,#463,#464));
#2251=EDGE_LOOP('',(#465,#466,#467));
#2252=EDGE_LOOP('',(#468,#469,#470,#471));
#2253=EDGE_LOOP('',(#472,#473,#474,#475));
#2254=EDGE_LOOP('',(#476,#477,#478,#479));
#2255=EDGE_LOOP('',(#480,#481,#482,#483));
#2256=EDGE_LOOP('',(#484,#485,#486,#487));
#2257=EDGE_LOOP('',(#488,#489,#490,#491));
#2258=EDGE_LOOP('',(#492,#493,#494));
#2259=EDGE_LOOP('',(#495,#496,#497));
#2260=EDGE_LOOP('',(#498,#499,#500));
#2261=EDGE_LOOP('',(#501,#502,#503));
#2262=EDGE_LOOP('',(#504,#505,#506,#507));
#2263=EDGE_LOOP('',(#508,#509,#510,#511));
#2264=EDGE_LOOP('',(#512,#513,#514,#515));
#2265=EDGE_LOOP('',(#516,#517,#518,#519));
#2266=EDGE_LOOP('',(#520,#521,#522,#523));
#2267=EDGE_LOOP('',(#524,#525,#526,#527));
#2268=EDGE_LOOP('',(#528,#529,#530,#531));
#2269=EDGE_LOOP('',(#532,#533,#534,#535));
#2270=EDGE_LOOP('',(#536,#537,#538,#539));
#2271=EDGE_LOOP('',(#540,#541,#542,#543));
#2272=EDGE_LOOP('',(#544,#545,#546));
#2273=EDGE_LOOP('',(#547,#548,#549));
#2274=EDGE_LOOP('',(#550,#551,#552));
#2275=EDGE_LOOP('',(#553,#554,#555));
#2276=EDGE_LOOP('',(#556,#557,#558,#559));
#2277=EDGE_LOOP('',(#560,#561,#562,#563));
#2278=EDGE_LOOP('',(#564,#565,#566,#567));
#2279=EDGE_LOOP('',(#568,#569,#570,#571));
#2280=EDGE_LOOP('',(#572,#573,#574,#575));
#2281=EDGE_LOOP('',(#576,#577,#578,#579));
#2282=EDGE_LOOP('',(#580,#581,#582,#583));
#2283=EDGE_LOOP('',(#584,#585,#586,#587));
#2284=EDGE_LOOP('',(#588,#589,#590,#591));
#2285=EDGE_LOOP('',(#592,#593,#594));
#2286=EDGE_LOOP('',(#595,#596,#597));
#2287=EDGE_LOOP('',(#598,#599,#600));
#2288=EDGE_LOOP('',(#601,#602,#603));
#2289=EDGE_LOOP('',(#604,#605,#606,#607));
#2290=EDGE_LOOP('',(#608,#609,#610,#611));
#2291=EDGE_LOOP('',(#612,#613,#614,#615));
#2292=EDGE_LOOP('',(#616,#617,#618,#619));
#2293=EDGE_LOOP('',(#620,#621,#622));
#2294=EDGE_LOOP('',(#623,#624,#625));
#2295=EDGE_LOOP('',(#626,#627,#628,#629));
#2296=EDGE_LOOP('',(#630,#631,#632,#633));
#2297=EDGE_LOOP('',(#634,#635,#636,#637));
#2298=EDGE_LOOP('',(#638,#639,#640,#641));
#2299=EDGE_LOOP('',(#642,#643,#644,#645));
#2300=EDGE_LOOP('',(#646,#647,#648,#649));
#2301=EDGE_LOOP('',(#650,#651,#652));
#2302=EDGE_LOOP('',(#653,#654,#655));
#2303=EDGE_LOOP('',(#656,#657,#658,#659));
#2304=EDGE_LOOP('',(#660,#661,#662,#663));
#2305=EDGE_LOOP('',(#664,#665,#666,#667));
#2306=EDGE_LOOP('',(#668,#669,#670,#671));
#2307=EDGE_LOOP('',(#672,#673,#674,#675));
#2308=EDGE_LOOP('',(#676,#677,#678,#679));
#2309=EDGE_LOOP('',(#680,#681,#682,#683));
#2310=EDGE_LOOP('',(#684,#685,#686));
#2311=EDGE_LOOP('',(#687,#688,#689));
#2312=EDGE_LOOP('',(#690,#691,#692));
#2313=EDGE_LOOP('',(#693,#694,#695));
#2314=EDGE_LOOP('',(#696,#697,#698,#699));
#2315=EDGE_LOOP('',(#700,#701,#702,#703));
#2316=EDGE_LOOP('',(#704,#705,#706,#707));
#2317=EDGE_LOOP('',(#708,#709,#710,#711));
#2318=EDGE_LOOP('',(#712,#713,#714,#715));
#2319=EDGE_LOOP('',(#716,#717,#718,#719));
#2320=EDGE_LOOP('',(#720,#721,#722));
#2321=EDGE_LOOP('',(#723,#724,#725));
#2322=EDGE_LOOP('',(#726,#727,#728));
#2323=EDGE_LOOP('',(#729,#730,#731));
#2324=EDGE_LOOP('',(#732,#733,#734,#735));
#2325=EDGE_LOOP('',(#736,#737,#738,#739));
#2326=EDGE_LOOP('',(#740,#741,#742,#743));
#2327=EDGE_LOOP('',(#744,#745,#746,#747));
#2328=EDGE_LOOP('',(#748,#749,#750,#751));
#2329=EDGE_LOOP('',(#752,#753,#754,#755));
#2330=EDGE_LOOP('',(#756,#757,#758));
#2331=EDGE_LOOP('',(#759,#760,#761));
#2332=EDGE_LOOP('',(#762,#763,#764));
#2333=EDGE_LOOP('',(#765,#766,#767));
#2334=EDGE_LOOP('',(#768,#769,#770,#771));
#2335=EDGE_LOOP('',(#772,#773,#774,#775));
#2336=EDGE_LOOP('',(#776,#777,#778,#779));
#2337=EDGE_LOOP('',(#780,#781,#782,#783));
#2338=EDGE_LOOP('',(#784,#785,#786,#787));
#2339=EDGE_LOOP('',(#788,#789,#790,#791));
#2340=EDGE_LOOP('',(#792,#793,#794));
#2341=EDGE_LOOP('',(#795,#796,#797,#798));
#2342=EDGE_LOOP('',(#799,#800,#801,#802));
#2343=EDGE_LOOP('',(#803,#804,#805));
#2344=EDGE_LOOP('',(#806,#807,#808,#809));
#2345=EDGE_LOOP('',(#810,#811,#812,#813));
#2346=EDGE_LOOP('',(#814,#815,#816,#817));
#2347=EDGE_LOOP('',(#818,#819,#820,#821));
#2348=EDGE_LOOP('',(#822,#823,#824,#825));
#2349=EDGE_LOOP('',(#826,#827,#828,#829));
#2350=EDGE_LOOP('',(#830,#831,#832,#833));
#2351=EDGE_LOOP('',(#834,#835,#836,#837));
#2352=EDGE_LOOP('',(#838,#839,#840));
#2353=EDGE_LOOP('',(#841,#842,#843));
#2354=EDGE_LOOP('',(#844,#845,#846,#847));
#2355=EDGE_LOOP('',(#848,#849,#850,#851));
#2356=EDGE_LOOP('',(#852,#853,#854,#855));
#2357=EDGE_LOOP('',(#856,#857,#858,#859));
#2358=EDGE_LOOP('',(#860,#861,#862,#863));
#2359=EDGE_LOOP('',(#864,#865,#866));
#2360=EDGE_LOOP('',(#867,#868,#869));
#2361=EDGE_LOOP('',(#870,#871,#872,#873));
#2362=EDGE_LOOP('',(#874,#875));
#2363=EDGE_LOOP('',(#876));
#2364=EDGE_LOOP('',(#877));
#2365=EDGE_LOOP('',(#878));
#2366=EDGE_LOOP('',(#879,#880));
#2367=EDGE_LOOP('',(#881));
#2368=EDGE_LOOP('',(#882));
#2369=EDGE_LOOP('',(#883));
#2370=EDGE_LOOP('',(#884));
#2371=EDGE_LOOP('',(#885));
#2372=EDGE_LOOP('',(#886));
#2373=EDGE_LOOP('',(#887));
#2374=EDGE_LOOP('',(#888));
#2375=EDGE_LOOP('',(#889));
#2376=EDGE_LOOP('',(#890));
#2377=EDGE_LOOP('',(#891));
#2378=EDGE_LOOP('',(#892,#893,#894,#895));
#2379=EDGE_LOOP('',(#896,#897,#898,#899));
#2380=EDGE_LOOP('',(#900));
#2381=EDGE_LOOP('',(#901));
#2382=EDGE_LOOP('',(#902));
#2383=EDGE_LOOP('',(#903));
#2384=FACE_BOUND('',#2180,.T.);
#2385=FACE_BOUND('',#2181,.T.);
#2386=FACE_BOUND('',#2182,.T.);
#2387=FACE_BOUND('',#2183,.T.);
#2388=FACE_BOUND('',#2184,.T.);
#2389=FACE_BOUND('',#2185,.T.);
#2390=FACE_BOUND('',#2186,.T.);
#2391=FACE_BOUND('',#2187,.T.);
#2392=FACE_BOUND('',#2188,.T.);
#2393=FACE_BOUND('',#2189,.T.);
#2394=FACE_BOUND('',#2190,.T.);
#2395=FACE_BOUND('',#2191,.T.);
#2396=FACE_BOUND('',#2192,.T.);
#2397=FACE_BOUND('',#2193,.T.);
#2398=FACE_BOUND('',#2194,.T.);
#2399=FACE_BOUND('',#2195,.T.);
#2400=FACE_BOUND('',#2196,.T.);
#2401=FACE_BOUND('',#2197,.T.);
#2402=FACE_BOUND('',#2198,.T.);
#2403=FACE_BOUND('',#2199,.T.);
#2404=FACE_BOUND('',#2200,.T.);
#2405=FACE_BOUND('',#2201,.T.);
#2406=FACE_BOUND('',#2202,.T.);
#2407=FACE_BOUND('',#2203,.T.);
#2408=FACE_BOUND('',#2204,.T.);
#2409=FACE_BOUND('',#2205,.T.);
#2410=FACE_BOUND('',#2206,.T.);
#2411=FACE_BOUND('',#2207,.T.);
#2412=FACE_BOUND('',#2208,.T.);
#2413=FACE_BOUND('',#2209,.T.);
#2414=FACE_BOUND('',#2210,.T.);
#2415=FACE_BOUND('',#2211,.T.);
#2416=FACE_BOUND('',#2212,.T.);
#2417=FACE_BOUND('',#2213,.T.);
#2418=FACE_BOUND('',#2214,.T.);
#2419=FACE_BOUND('',#2215,.T.);
#2420=FACE_BOUND('',#2216,.T.);
#2421=FACE_BOUND('',#2217,.T.);
#2422=FACE_BOUND('',#2218,.T.);
#2423=FACE_BOUND('',#2219,.T.);
#2424=FACE_BOUND('',#2220,.T.);
#2425=FACE_BOUND('',#2221,.T.);
#2426=FACE_BOUND('',#2222,.T.);
#2427=FACE_BOUND('',#2223,.T.);
#2428=FACE_BOUND('',#2224,.T.);
#2429=FACE_BOUND('',#2225,.T.);
#2430=FACE_BOUND('',#2226,.T.);
#2431=FACE_BOUND('',#2227,.T.);
#2432=FACE_BOUND('',#2228,.T.);
#2433=FACE_BOUND('',#2229,.T.);
#2434=FACE_BOUND('',#2230,.T.);
#2435=FACE_BOUND('',#2231,.T.);
#2436=FACE_BOUND('',#2232,.T.);
#2437=FACE_BOUND('',#2233,.T.);
#2438=FACE_BOUND('',#2234,.T.);
#2439=FACE_BOUND('',#2235,.T.);
#2440=FACE_BOUND('',#2236,.T.);
#2441=FACE_BOUND('',#2237,.T.);
#2442=FACE_BOUND('',#2238,.T.);
#2443=FACE_BOUND('',#2239,.T.);
#2444=FACE_BOUND('',#2240,.T.);
#2445=FACE_BOUND('',#2241,.T.);
#2446=FACE_BOUND('',#2242,.T.);
#2447=FACE_BOUND('',#2243,.T.);
#2448=FACE_BOUND('',#2244,.T.);
#2449=FACE_BOUND('',#2245,.T.);
#2450=FACE_BOUND('',#2246,.T.);
#2451=FACE_BOUND('',#2247,.T.);
#2452=FACE_BOUND('',#2248,.T.);
#2453=FACE_BOUND('',#2249,.T.);
#2454=FACE_BOUND('',#2250,.T.);
#2455=FACE_BOUND('',#2251,.T.);
#2456=FACE_BOUND('',#2252,.T.);
#2457=FACE_BOUND('',#2253,.T.);
#2458=FACE_BOUND('',#2254,.T.);
#2459=FACE_BOUND('',#2255,.T.);
#2460=FACE_BOUND('',#2256,.T.);
#2461=FACE_BOUND('',#2257,.T.);
#2462=FACE_BOUND('',#2258,.T.);
#2463=FACE_BOUND('',#2259,.T.);
#2464=FACE_BOUND('',#2260,.T.);
#2465=FACE_BOUND('',#2261,.T.);
#2466=FACE_BOUND('',#2262,.T.);
#2467=FACE_BOUND('',#2263,.T.);
#2468=FACE_BOUND('',#2264,.T.);
#2469=FACE_BOUND('',#2265,.T.);
#2470=FACE_BOUND('',#2266,.T.);
#2471=FACE_BOUND('',#2267,.T.);
#2472=FACE_BOUND('',#2268,.T.);
#2473=FACE_BOUND('',#2269,.T.);
#2474=FACE_BOUND('',#2270,.T.);
#2475=FACE_BOUND('',#2271,.T.);
#2476=FACE_BOUND('',#2272,.T.);
#2477=FACE_BOUND('',#2273,.T.);
#2478=FACE_BOUND('',#2274,.T.);
#2479=FACE_BOUND('',#2275,.T.);
#2480=FACE_BOUND('',#2276,.T.);
#2481=FACE_BOUND('',#2277,.T.);
#2482=FACE_BOUND('',#2278,.T.);
#2483=FACE_BOUND('',#2279,.T.);
#2484=FACE_BOUND('',#2280,.T.);
#2485=FACE_BOUND('',#2281,.T.);
#2486=FACE_BOUND('',#2282,.T.);
#2487=FACE_BOUND('',#2283,.T.);
#2488=FACE_BOUND('',#2284,.T.);
#2489=FACE_BOUND('',#2285,.T.);
#2490=FACE_BOUND('',#2286,.T.);
#2491=FACE_BOUND('',#2287,.T.);
#2492=FACE_BOUND('',#2288,.T.);
#2493=FACE_BOUND('',#2289,.T.);
#2494=FACE_BOUND('',#2290,.T.);
#2495=FACE_BOUND('',#2291,.T.);
#2496=FACE_BOUND('',#2292,.T.);
#2497=FACE_BOUND('',#2293,.T.);
#2498=FACE_BOUND('',#2294,.T.);
#2499=FACE_BOUND('',#2295,.T.);
#2500=FACE_BOUND('',#2296,.T.);
#2501=FACE_BOUND('',#2297,.T.);
#2502=FACE_BOUND('',#2298,.T.);
#2503=FACE_BOUND('',#2299,.T.);
#2504=FACE_BOUND('',#2300,.T.);
#2505=FACE_BOUND('',#2301,.T.);
#2506=FACE_BOUND('',#2302,.T.);
#2507=FACE_BOUND('',#2303,.T.);
#2508=FACE_BOUND('',#2304,.T.);
#2509=FACE_BOUND('',#2305,.T.);
#2510=FACE_BOUND('',#2306,.T.);
#2511=FACE_BOUND('',#2307,.T.);
#2512=FACE_BOUND('',#2308,.T.);
#2513=FACE_BOUND('',#2309,.T.);
#2514=FACE_BOUND('',#2310,.T.);
#2515=FACE_BOUND('',#2311,.T.);
#2516=FACE_BOUND('',#2312,.T.);
#2517=FACE_BOUND('',#2313,.T.);
#2518=FACE_BOUND('',#2314,.T.);
#2519=FACE_BOUND('',#2315,.T.);
#2520=FACE_BOUND('',#2316,.T.);
#2521=FACE_BOUND('',#2317,.T.);
#2522=FACE_BOUND('',#2318,.T.);
#2523=FACE_BOUND('',#2319,.T.);
#2524=FACE_BOUND('',#2320,.T.);
#2525=FACE_BOUND('',#2321,.T.);
#2526=FACE_BOUND('',#2322,.T.);
#2527=FACE_BOUND('',#2323,.T.);
#2528=FACE_BOUND('',#2324,.T.);
#2529=FACE_BOUND('',#2325,.T.);
#2530=FACE_BOUND('',#2326,.T.);
#2531=FACE_BOUND('',#2327,.T.);
#2532=FACE_BOUND('',#2328,.T.);
#2533=FACE_BOUND('',#2329,.T.);
#2534=FACE_BOUND('',#2330,.T.);
#2535=FACE_BOUND('',#2331,.T.);
#2536=FACE_BOUND('',#2332,.T.);
#2537=FACE_BOUND('',#2333,.T.);
#2538=FACE_BOUND('',#2334,.T.);
#2539=FACE_BOUND('',#2335,.T.);
#2540=FACE_BOUND('',#2336,.T.);
#2541=FACE_BOUND('',#2337,.T.);
#2542=FACE_BOUND('',#2338,.T.);
#2543=FACE_BOUND('',#2339,.T.);
#2544=FACE_BOUND('',#2340,.T.);
#2545=FACE_BOUND('',#2341,.T.);
#2546=FACE_BOUND('',#2342,.T.);
#2547=FACE_BOUND('',#2343,.T.);
#2548=FACE_BOUND('',#2344,.T.);
#2549=FACE_BOUND('',#2345,.T.);
#2550=FACE_BOUND('',#2346,.T.);
#2551=FACE_BOUND('',#2347,.T.);
#2552=FACE_BOUND('',#2348,.T.);
#2553=FACE_BOUND('',#2349,.T.);
#2554=FACE_BOUND('',#2350,.T.);
#2555=FACE_BOUND('',#2351,.T.);
#2556=FACE_BOUND('',#2352,.T.);
#2557=FACE_BOUND('',#2353,.T.);
#2558=FACE_BOUND('',#2354,.T.);
#2559=FACE_BOUND('',#2355,.T.);
#2560=FACE_BOUND('',#2356,.T.);
#2561=FACE_BOUND('',#2357,.T.);
#2562=FACE_BOUND('',#2358,.T.);
#2563=FACE_BOUND('',#2359,.T.);
#2564=FACE_BOUND('',#2360,.T.);
#2565=FACE_BOUND('',#2361,.T.);
#2566=FACE_BOUND('',#2362,.T.);
#2567=FACE_BOUND('',#2363,.T.);
#2568=FACE_BOUND('',#2364,.T.);
#2569=FACE_BOUND('',#2365,.T.);
#2570=FACE_BOUND('',#2366,.T.);
#2571=FACE_BOUND('',#2367,.T.);
#2572=FACE_BOUND('',#2368,.T.);
#2573=FACE_BOUND('',#2369,.T.);
#2574=FACE_BOUND('',#2370,.T.);
#2575=FACE_BOUND('',#2371,.T.);
#2576=FACE_BOUND('',#2372,.T.);
#2577=FACE_BOUND('',#2373,.T.);
#2578=FACE_BOUND('',#2374,.T.);
#2579=FACE_BOUND('',#2375,.T.);
#2580=FACE_BOUND('',#2376,.T.);
#2581=FACE_BOUND('',#2377,.T.);
#2582=FACE_BOUND('',#2378,.T.);
#2583=FACE_BOUND('',#2379,.T.);
#2584=FACE_BOUND('',#2380,.T.);
#2585=FACE_BOUND('',#2381,.T.);
#2586=FACE_BOUND('',#2382,.T.);
#2587=FACE_BOUND('',#2383,.T.);
#2588=PLANE('',#2953);
#2589=PLANE('',#2959);
#2590=PLANE('',#2963);
#2591=PLANE('',#2972);
#2592=PLANE('',#2973);
#2593=PLANE('',#2974);
#2594=PLANE('',#2975);
#2595=PLANE('',#2976);
#2596=PLANE('',#2977);
#2597=PLANE('',#2978);
#2598=PLANE('',#2979);
#2599=PLANE('',#2980);
#2600=PLANE('',#2984);
#2601=PLANE('',#2985);
#2602=PLANE('',#2986);
#2603=PLANE('',#2987);
#2604=PLANE('',#2988);
#2605=PLANE('',#2992);
#2606=PLANE('',#2993);
#2607=PLANE('',#2997);
#2608=PLANE('',#2998);
#2609=PLANE('',#2999);
#2610=PLANE('',#3003);
#2611=PLANE('',#3004);
#2612=PLANE('',#3005);
#2613=PLANE('',#3009);
#2614=PLANE('',#3013);
#2615=PLANE('',#3014);
#2616=PLANE('',#3015);
#2617=PLANE('',#3016);
#2618=PLANE('',#3017);
#2619=PLANE('',#3018);
#2620=PLANE('',#3019);
#2621=PLANE('',#3020);
#2622=PLANE('',#3021);
#2623=PLANE('',#3022);
#2624=PLANE('',#3023);
#2625=PLANE('',#3024);
#2626=PLANE('',#3025);
#2627=PLANE('',#3026);
#2628=PLANE('',#3027);
#2629=PLANE('',#3028);
#2630=PLANE('',#3029);
#2631=PLANE('',#3030);
#2632=PLANE('',#3031);
#2633=PLANE('',#3032);
#2634=PLANE('',#3033);
#2635=PLANE('',#3034);
#2636=PLANE('',#3037);
#2637=PLANE('',#3038);
#2638=PLANE('',#3039);
#2639=PLANE('',#3040);
#2640=PLANE('',#3042);
#2641=PLANE('',#3043);
#2642=PLANE('',#3044);
#2643=PLANE('',#3045);
#2644=PLANE('',#3046);
#2645=PLANE('',#3047);
#2646=PLANE('',#3048);
#2647=PLANE('',#3049);
#2648=PLANE('',#3050);
#2649=PLANE('',#3051);
#2650=PLANE('',#3052);
#2651=PLANE('',#3054);
#2652=PLANE('',#3055);
#2653=PLANE('',#3056);
#2654=PLANE('',#3057);
#2655=PLANE('',#3058);
#2656=PLANE('',#3059);
#2657=PLANE('',#3060);
#2658=PLANE('',#3061);
#2659=PLANE('',#3062);
#2660=PLANE('',#3063);
#2661=PLANE('',#3064);
#2662=PLANE('',#3065);
#2663=PLANE('',#3066);
#2664=PLANE('',#3067);
#2665=PLANE('',#3069);
#2666=PLANE('',#3070);
#2667=PLANE('',#3071);
#2668=PLANE('',#3072);
#2669=PLANE('',#3073);
#2670=PLANE('',#3074);
#2671=PLANE('',#3075);
#2672=PLANE('',#3076);
#2673=PLANE('',#3078);
#2674=PLANE('',#3079);
#2675=PLANE('',#3081);
#2676=PLANE('',#3082);
#2677=PLANE('',#3083);
#2678=PLANE('',#3084);
#2679=PLANE('',#3085);
#2680=PLANE('',#3086);
#2681=PLANE('',#3087);
#2682=PLANE('',#3088);
#2683=PLANE('',#3090);
#2684=PLANE('',#3091);
#2685=PLANE('',#3092);
#2686=PLANE('',#3093);
#2687=PLANE('',#3094);
#2688=PLANE('',#3095);
#2689=PLANE('',#3096);
#2690=PLANE('',#3097);
#2691=PLANE('',#3098);
#2692=PLANE('',#3099);
#2693=PLANE('',#3100);
#2694=PLANE('',#3101);
#2695=PLANE('',#3102);
#2696=PLANE('',#3103);
#2697=PLANE('',#3104);
#2698=PLANE('',#3105);
#2699=PLANE('',#3106);
#2700=PLANE('',#3107);
#2701=PLANE('',#3108);
#2702=PLANE('',#3109);
#2703=PLANE('',#3110);
#2704=PLANE('',#3111);
#2705=PLANE('',#3112);
#2706=PLANE('',#3113);
#2707=PLANE('',#3114);
#2708=PLANE('',#3117);
#2709=PLANE('',#3118);
#2710=PLANE('',#3119);
#2711=PLANE('',#3120);
#2712=PLANE('',#3121);
#2713=PLANE('',#3122);
#2714=PLANE('',#3124);
#2715=PLANE('',#3125);
#2716=PLANE('',#3126);
#2717=PLANE('',#3127);
#2718=PLANE('',#3129);
#2719=PLANE('',#3130);
#2720=PLANE('',#3131);
#2721=PLANE('',#3132);
#2722=PLANE('',#3133);
#2723=PLANE('',#3134);
#2724=PLANE('',#3135);
#2725=PLANE('',#3136);
#2726=PLANE('',#3137);
#2727=PLANE('',#3138);
#2728=PLANE('',#3139);
#2729=PLANE('',#3140);
#2730=PLANE('',#3141);
#2731=PLANE('',#3142);
#2732=PLANE('',#3143);
#2733=PLANE('',#3144);
#2734=PLANE('',#3145);
#2735=PLANE('',#3147);
#2736=PLANE('',#3148);
#2737=PLANE('',#3149);
#2738=PLANE('',#3150);
#2739=PLANE('',#3151);
#2740=PLANE('',#3152);
#2741=PLANE('',#3153);
#2742=PLANE('',#3154);
#2743=PLANE('',#3155);
#2744=PLANE('',#3156);
#2745=PLANE('',#3157);
#2746=PLANE('',#3158);
#2747=PLANE('',#3159);
#2748=PLANE('',#3164);
#2749=PLANE('',#3170);
#2750=ADVANCED_FACE('',(#2384),#2588,.T.);
#2751=ADVANCED_FACE('',(#2385),#2589,.T.);
#2752=ADVANCED_FACE('',(#2386,#2387,#2388,#2389),#2590,.F.);
#2753=ADVANCED_FACE('',(#2390),#2591,.F.);
#2754=ADVANCED_FACE('',(#2391),#2592,.F.);
#2755=ADVANCED_FACE('',(#2392),#2593,.F.);
#2756=ADVANCED_FACE('',(#2393),#2594,.T.);
#2757=ADVANCED_FACE('',(#2394),#2595,.T.);
#2758=ADVANCED_FACE('',(#2395),#2596,.F.);
#2759=ADVANCED_FACE('',(#2396),#2597,.F.);
#2760=ADVANCED_FACE('',(#2397),#2598,.T.);
#2761=ADVANCED_FACE('',(#2398),#2599,.F.);
#2762=ADVANCED_FACE('',(#2399),#60,.F.);
#2763=ADVANCED_FACE('',(#2400),#2600,.F.);
#2764=ADVANCED_FACE('',(#2401),#2601,.F.);
#2765=ADVANCED_FACE('',(#2402),#2602,.F.);
#2766=ADVANCED_FACE('',(#2403),#2603,.T.);
#2767=ADVANCED_FACE('',(#2404),#2604,.F.);
#2768=ADVANCED_FACE('',(#2405),#61,.F.);
#2769=ADVANCED_FACE('',(#2406),#2605,.F.);
#2770=ADVANCED_FACE('',(#2407),#2606,.T.);
#2771=ADVANCED_FACE('',(#2408),#62,.F.);
#2772=ADVANCED_FACE('',(#2409),#2607,.T.);
#2773=ADVANCED_FACE('',(#2410),#2608,.F.);
#2774=ADVANCED_FACE('',(#2411),#2609,.T.);
#2775=ADVANCED_FACE('',(#2412),#63,.F.);
#2776=ADVANCED_FACE('',(#2413),#2610,.T.);
#2777=ADVANCED_FACE('',(#2414),#2611,.T.);
#2778=ADVANCED_FACE('',(#2415),#2612,.T.);
#2779=ADVANCED_FACE('',(#2416),#64,.F.);
#2780=ADVANCED_FACE('',(#2417),#2613,.T.);
#2781=ADVANCED_FACE('',(#2418),#65,.F.);
#2782=ADVANCED_FACE('',(#2419),#2614,.T.);
#2783=ADVANCED_FACE('',(#2420),#2615,.T.);
#2784=ADVANCED_FACE('',(#2421),#2616,.F.);
#2785=ADVANCED_FACE('',(#2422),#2617,.F.);
#2786=ADVANCED_FACE('',(#2423),#2618,.T.);
#2787=ADVANCED_FACE('',(#2424,#2425),#2619,.T.);
#2788=ADVANCED_FACE('',(#2426),#2620,.T.);
#2789=ADVANCED_FACE('',(#2427),#2621,.F.);
#2790=ADVANCED_FACE('',(#2428),#2622,.T.);
#2791=ADVANCED_FACE('',(#2429),#2623,.F.);
#2792=ADVANCED_FACE('',(#2430),#2624,.T.);
#2793=ADVANCED_FACE('',(#2431),#2625,.F.);
#2794=ADVANCED_FACE('',(#2432),#2626,.T.);
#2795=ADVANCED_FACE('',(#2433),#2627,.F.);
#2796=ADVANCED_FACE('',(#2434),#2628,.T.);
#2797=ADVANCED_FACE('',(#2435),#2629,.T.);
#2798=ADVANCED_FACE('',(#2436),#2630,.T.);
#2799=ADVANCED_FACE('',(#2437),#2631,.T.);
#2800=ADVANCED_FACE('',(#2438),#2632,.F.);
#2801=ADVANCED_FACE('',(#2439),#2633,.F.);
#2802=ADVANCED_FACE('',(#2440),#2634,.T.);
#2803=ADVANCED_FACE('',(#2441),#2635,.T.);
#2804=ADVANCED_FACE('',(#2442),#2636,.T.);
#2805=ADVANCED_FACE('',(#2443),#2637,.T.);
#2806=ADVANCED_FACE('',(#2444),#2638,.T.);
#2807=ADVANCED_FACE('',(#2445),#2639,.T.);
#2808=ADVANCED_FACE('',(#2446),#12,.F.);
#2809=ADVANCED_FACE('',(#2447),#2640,.F.);
#2810=ADVANCED_FACE('',(#2448),#2641,.F.);
#2811=ADVANCED_FACE('',(#2449),#2642,.F.);
#2812=ADVANCED_FACE('',(#2450),#2643,.F.);
#2813=ADVANCED_FACE('',(#2451),#2644,.F.);
#2814=ADVANCED_FACE('',(#2452),#2645,.T.);
#2815=ADVANCED_FACE('',(#2453),#2646,.T.);
#2816=ADVANCED_FACE('',(#2454),#2647,.T.);
#2817=ADVANCED_FACE('',(#2455),#2648,.T.);
#2818=ADVANCED_FACE('',(#2456),#2649,.T.);
#2819=ADVANCED_FACE('',(#2457),#2650,.F.);
#2820=ADVANCED_FACE('',(#2458),#13,.F.);
#2821=ADVANCED_FACE('',(#2459),#2651,.T.);
#2822=ADVANCED_FACE('',(#2460),#2652,.T.);
#2823=ADVANCED_FACE('',(#2461),#2653,.T.);
#2824=ADVANCED_FACE('',(#2462),#2654,.T.);
#2825=ADVANCED_FACE('',(#2463),#2655,.T.);
#2826=ADVANCED_FACE('',(#2464),#2656,.T.);
#2827=ADVANCED_FACE('',(#2465),#2657,.T.);
#2828=ADVANCED_FACE('',(#2466),#2658,.F.);
#2829=ADVANCED_FACE('',(#2467),#2659,.T.);
#2830=ADVANCED_FACE('',(#2468),#2660,.F.);
#2831=ADVANCED_FACE('',(#2469),#2661,.T.);
#2832=ADVANCED_FACE('',(#2470),#2662,.F.);
#2833=ADVANCED_FACE('',(#2471),#2663,.F.);
#2834=ADVANCED_FACE('',(#2472),#2664,.F.);
#2835=ADVANCED_FACE('',(#2473),#14,.F.);
#2836=ADVANCED_FACE('',(#2474),#2665,.F.);
#2837=ADVANCED_FACE('',(#2475),#2666,.T.);
#2838=ADVANCED_FACE('',(#2476),#2667,.T.);
#2839=ADVANCED_FACE('',(#2477),#2668,.T.);
#2840=ADVANCED_FACE('',(#2478),#2669,.T.);
#2841=ADVANCED_FACE('',(#2479),#2670,.T.);
#2842=ADVANCED_FACE('',(#2480),#2671,.T.);
#2843=ADVANCED_FACE('',(#2481),#2672,.T.);
#2844=ADVANCED_FACE('',(#2482),#15,.F.);
#2845=ADVANCED_FACE('',(#2483),#2673,.F.);
#2846=ADVANCED_FACE('',(#2484),#2674,.T.);
#2847=ADVANCED_FACE('',(#2485),#16,.F.);
#2848=ADVANCED_FACE('',(#2486),#2675,.F.);
#2849=ADVANCED_FACE('',(#2487),#2676,.T.);
#2850=ADVANCED_FACE('',(#2488),#2677,.T.);
#2851=ADVANCED_FACE('',(#2489),#2678,.T.);
#2852=ADVANCED_FACE('',(#2490),#2679,.T.);
#2853=ADVANCED_FACE('',(#2491),#2680,.T.);
#2854=ADVANCED_FACE('',(#2492),#2681,.T.);
#2855=ADVANCED_FACE('',(#2493),#2682,.F.);
#2856=ADVANCED_FACE('',(#2494),#17,.F.);
#2857=ADVANCED_FACE('',(#2495),#2683,.F.);
#2858=ADVANCED_FACE('',(#2496),#2684,.F.);
#2859=ADVANCED_FACE('',(#2497),#2685,.T.);
#2860=ADVANCED_FACE('',(#2498),#2686,.T.);
#2861=ADVANCED_FACE('',(#2499),#2687,.T.);
#2862=ADVANCED_FACE('',(#2500),#2688,.T.);
#2863=ADVANCED_FACE('',(#2501),#2689,.F.);
#2864=ADVANCED_FACE('',(#2502),#2690,.F.);
#2865=ADVANCED_FACE('',(#2503),#2691,.F.);
#2866=ADVANCED_FACE('',(#2504),#2692,.F.);
#2867=ADVANCED_FACE('',(#2505),#2693,.T.);
#2868=ADVANCED_FACE('',(#2506),#2694,.T.);
#2869=ADVANCED_FACE('',(#2507),#2695,.F.);
#2870=ADVANCED_FACE('',(#2508),#2696,.T.);
#2871=ADVANCED_FACE('',(#2509),#2697,.T.);
#2872=ADVANCED_FACE('',(#2510),#2698,.T.);
#2873=ADVANCED_FACE('',(#2511),#2699,.T.);
#2874=ADVANCED_FACE('',(#2512),#2700,.T.);
#2875=ADVANCED_FACE('',(#2513),#2701,.T.);
#2876=ADVANCED_FACE('',(#2514),#2702,.T.);
#2877=ADVANCED_FACE('',(#2515),#2703,.T.);
#2878=ADVANCED_FACE('',(#2516),#2704,.T.);
#2879=ADVANCED_FACE('',(#2517),#2705,.T.);
#2880=ADVANCED_FACE('',(#2518),#2706,.F.);
#2881=ADVANCED_FACE('',(#2519),#2707,.F.);
#2882=ADVANCED_FACE('',(#2520),#18,.F.);
#2883=ADVANCED_FACE('',(#2521),#19,.F.);
#2884=ADVANCED_FACE('',(#2522),#2708,.F.);
#2885=ADVANCED_FACE('',(#2523),#2709,.F.);
#2886=ADVANCED_FACE('',(#2524),#2710,.T.);
#2887=ADVANCED_FACE('',(#2525),#2711,.T.);
#2888=ADVANCED_FACE('',(#2526),#2712,.T.);
#2889=ADVANCED_FACE('',(#2527),#2713,.T.);
#2890=ADVANCED_FACE('',(#2528),#20,.F.);
#2891=ADVANCED_FACE('',(#2529),#2714,.F.);
#2892=ADVANCED_FACE('',(#2530),#2715,.T.);
#2893=ADVANCED_FACE('',(#2531),#2716,.T.);
#2894=ADVANCED_FACE('',(#2532),#2717,.F.);
#2895=ADVANCED_FACE('',(#2533),#21,.F.);
#2896=ADVANCED_FACE('',(#2534),#2718,.T.);
#2897=ADVANCED_FACE('',(#2535),#2719,.T.);
#2898=ADVANCED_FACE('',(#2536),#2720,.T.);
#2899=ADVANCED_FACE('',(#2537),#2721,.T.);
#2900=ADVANCED_FACE('',(#2538),#2722,.F.);
#2901=ADVANCED_FACE('',(#2539),#2723,.F.);
#2902=ADVANCED_FACE('',(#2540),#2724,.T.);
#2903=ADVANCED_FACE('',(#2541),#2725,.F.);
#2904=ADVANCED_FACE('',(#2542),#2726,.T.);
#2905=ADVANCED_FACE('',(#2543),#2727,.F.);
#2906=ADVANCED_FACE('',(#2544),#2728,.T.);
#2907=ADVANCED_FACE('',(#2545),#2729,.T.);
#2908=ADVANCED_FACE('',(#2546),#2730,.T.);
#2909=ADVANCED_FACE('',(#2547),#2731,.T.);
#2910=ADVANCED_FACE('',(#2548),#2732,.F.);
#2911=ADVANCED_FACE('',(#2549),#2733,.T.);
#2912=ADVANCED_FACE('',(#2550),#2734,.T.);
#2913=ADVANCED_FACE('',(#2551),#22,.F.);
#2914=ADVANCED_FACE('',(#2552),#2735,.T.);
#2915=ADVANCED_FACE('',(#2553),#2736,.F.);
#2916=ADVANCED_FACE('',(#2554),#2737,.T.);
#2917=ADVANCED_FACE('',(#2555),#2738,.T.);
#2918=ADVANCED_FACE('',(#2556),#2739,.T.);
#2919=ADVANCED_FACE('',(#2557),#2740,.T.);
#2920=ADVANCED_FACE('',(#2558),#2741,.T.);
#2921=ADVANCED_FACE('',(#2559),#2742,.F.);
#2922=ADVANCED_FACE('',(#2560),#2743,.F.);
#2923=ADVANCED_FACE('',(#2561),#2744,.F.);
#2924=ADVANCED_FACE('',(#2562),#2745,.F.);
#2925=ADVANCED_FACE('',(#2563),#2746,.T.);
#2926=ADVANCED_FACE('',(#2564),#2747,.T.);
#2927=ADVANCED_FACE('',(#2565),#23,.F.);
#2928=ADVANCED_FACE('',(#2566,#2567),#66,.T.);
#2929=ADVANCED_FACE('',(#2568,#2569),#2748,.T.);
#2930=ADVANCED_FACE('',(#2570,#2571),#67,.T.);
#2931=ADVANCED_FACE('',(#2572,#2573),#2749,.T.);
#2932=ADVANCED_FACE('',(#2574,#2575),#68,.F.);
#2933=ADVANCED_FACE('',(#2576,#2577),#69,.F.);
#2934=ADVANCED_FACE('',(#2578,#2579),#24,.F.);
#2935=ADVANCED_FACE('',(#2580,#2581),#25,.F.);
#2936=ADVANCED_FACE('',(#2582),#26,.T.);
#2937=ADVANCED_FACE('',(#2583),#27,.T.);
#2938=ADVANCED_FACE('',(#2584,#2585),#28,.T.);
#2939=ADVANCED_FACE('',(#2586,#2587),#29,.T.);
#2940=CLOSED_SHELL('',(#2750,#2751,#2752,#2753,#2754,#2755,#2756,#2757,
#2758,#2759,#2760,#2761,#2762,#2763,#2764,#2765,#2766,#2767,#2768,#2769,
#2770,#2771,#2772,#2773,#2774,#2775,#2776,#2777,#2778,#2779,#2780,#2781,
#2782,#2783,#2784,#2785,#2786,#2787,#2788,#2789,#2790,#2791,#2792,#2793,
#2794,#2795,#2796,#2797,#2798,#2799,#2800,#2801,#2802,#2803,#2804,#2805,
#2806,#2807,#2808,#2809,#2810,#2811,#2812,#2813,#2814,#2815,#2816,#2817,
#2818,#2819,#2820,#2821,#2822,#2823,#2824,#2825,#2826,#2827,#2828,#2829,
#2830,#2831,#2832,#2833,#2834,#2835,#2836,#2837,#2838,#2839,#2840,#2841,
#2842,#2843,#2844,#2845,#2846,#2847,#2848,#2849,#2850,#2851,#2852,#2853,
#2854,#2855,#2856,#2857,#2858,#2859,#2860,#2861,#2862,#2863,#2864,#2865,
#2866,#2867,#2868,#2869,#2870,#2871,#2872,#2873,#2874,#2875,#2876,#2877,
#2878,#2879,#2880,#2881,#2882,#2883,#2884,#2885,#2886,#2887,#2888,#2889,
#2890,#2891,#2892,#2893,#2894,#2895,#2896,#2897,#2898,#2899,#2900,#2901,
#2902,#2903,#2904,#2905,#2906,#2907,#2908,#2909,#2910,#2911,#2912,#2913,
#2914,#2915,#2916,#2917,#2918,#2919,#2920,#2921,#2922,#2923,#2924,#2925,
#2926,#2927,#2928,#2929,#2930,#2931,#2932,#2933,#2934,#2935,#2936,#2937,
#2938,#2939));
#2941=STYLED_ITEM('',(#2942),#2949);
#2942=PRESENTATION_STYLE_ASSIGNMENT((#2943));
#2943=SURFACE_STYLE_USAGE(.BOTH.,#2944);
#2944=SURFACE_SIDE_STYLE('',(#2945));
#2945=SURFACE_STYLE_FILL_AREA(#2946);
#2946=FILL_AREA_STYLE('',(#2947));
#2947=FILL_AREA_STYLE_COLOUR('',#2948);
#2948=COLOUR_RGB('',0.615686274509804,0.811764705882353,0.929411764705882);
#2949=MANIFOLD_SOLID_BREP('DMG154OLEDBRACKETUSBA',#2940);
#2950=SHAPE_DEFINITION_REPRESENTATION(#4872,#2951);
#2951=SHAPE_REPRESENTATION('DMG154OLEDBRACKETUSBA',(#2952),#4867);
#2952=AXIS2_PLACEMENT_3D('',#3975,#3183,#3184);
#2953=AXIS2_PLACEMENT_3D('',#3976,#3185,#3186);
#2954=AXIS2_PLACEMENT_3D('',#3980,#3188,#3189);
#2955=AXIS2_PLACEMENT_3D('',#3990,#3194,#3195);
#2956=AXIS2_PLACEMENT_3D('',#4008,#3204,#3205);
#2957=AXIS2_PLACEMENT_3D('',#4014,#3208,#3209);
#2958=AXIS2_PLACEMENT_3D('',#4024,#3214,#3215);
#2959=AXIS2_PLACEMENT_3D('',#4025,#3216,#3217);
#2960=AXIS2_PLACEMENT_3D('',#4031,#3220,#3221);
#2961=AXIS2_PLACEMENT_3D('',#4041,#3226,#3227);
#2962=AXIS2_PLACEMENT_3D('',#4061,#3237,#3238);
#2963=AXIS2_PLACEMENT_3D('',#4066,#3241,#3242);
#2964=AXIS2_PLACEMENT_3D('',#4067,#3243,#3244);
#2965=AXIS2_PLACEMENT_3D('',#4069,#3245,#3246);
#2966=AXIS2_PLACEMENT_3D('',#4086,#3254,#3255);
#2967=AXIS2_PLACEMENT_3D('',#4094,#3259,#3260);
#2968=AXIS2_PLACEMENT_3D('',#4110,#3268,#3269);
#2969=AXIS2_PLACEMENT_3D('',#4116,#3272,#3273);
#2970=AXIS2_PLACEMENT_3D('',#4122,#3276,#3277);
#2971=AXIS2_PLACEMENT_3D('',#4132,#3282,#3283);
#2972=AXIS2_PLACEMENT_3D('',#4135,#3285,#3286);
#2973=AXIS2_PLACEMENT_3D('',#4144,#3291,#3292);
#2974=AXIS2_PLACEMENT_3D('',#4161,#3301,#3302);
#2975=AXIS2_PLACEMENT_3D('',#4178,#3311,#3312);
#2976=AXIS2_PLACEMENT_3D('',#4187,#3317,#3318);
#2977=AXIS2_PLACEMENT_3D('',#4196,#3323,#3324);
#2978=AXIS2_PLACEMENT_3D('',#4202,#3328,#3329);
#2979=AXIS2_PLACEMENT_3D('',#4205,#3332,#3333);
#2980=AXIS2_PLACEMENT_3D('',#4214,#3338,#3339);
#2981=AXIS2_PLACEMENT_3D('',#4223,#3344,#3345);
#2982=AXIS2_PLACEMENT_3D('',#4224,#3346,#3347);
#2983=AXIS2_PLACEMENT_3D('',#4229,#3349,#3350);
#2984=AXIS2_PLACEMENT_3D('',#4232,#3352,#3353);
#2985=AXIS2_PLACEMENT_3D('',#4241,#3358,#3359);
#2986=AXIS2_PLACEMENT_3D('',#4250,#3364,#3365);
#2987=AXIS2_PLACEMENT_3D('',#4259,#3370,#3371);
#2988=AXIS2_PLACEMENT_3D('',#4268,#3376,#3377);
#2989=AXIS2_PLACEMENT_3D('',#4277,#3382,#3383);
#2990=AXIS2_PLACEMENT_3D('',#4278,#3384,#3385);
#2991=AXIS2_PLACEMENT_3D('',#4283,#3387,#3388);
#2992=AXIS2_PLACEMENT_3D('',#4286,#3390,#3391);
#2993=AXIS2_PLACEMENT_3D('',#4295,#3396,#3397);
#2994=AXIS2_PLACEMENT_3D('',#4304,#3402,#3403);
#2995=AXIS2_PLACEMENT_3D('',#4305,#3404,#3405);
#2996=AXIS2_PLACEMENT_3D('',#4310,#3407,#3408);
#2997=AXIS2_PLACEMENT_3D('',#4313,#3410,#3411);
#2998=AXIS2_PLACEMENT_3D('',#4322,#3416,#3417);
#2999=AXIS2_PLACEMENT_3D('',#4331,#3422,#3423);
#3000=AXIS2_PLACEMENT_3D('',#4340,#3428,#3429);
#3001=AXIS2_PLACEMENT_3D('',#4341,#3430,#3431);
#3002=AXIS2_PLACEMENT_3D('',#4346,#3433,#3434);
#3003=AXIS2_PLACEMENT_3D('',#4349,#3436,#3437);
#3004=AXIS2_PLACEMENT_3D('',#4358,#3442,#3443);
#3005=AXIS2_PLACEMENT_3D('',#4367,#3448,#3449);
#3006=AXIS2_PLACEMENT_3D('',#4376,#3454,#3455);
#3007=AXIS2_PLACEMENT_3D('',#4377,#3456,#3457);
#3008=AXIS2_PLACEMENT_3D('',#4382,#3459,#3460);
#3009=AXIS2_PLACEMENT_3D('',#4385,#3462,#3463);
#3010=AXIS2_PLACEMENT_3D('',#4394,#3468,#3469);
#3011=AXIS2_PLACEMENT_3D('',#4395,#3470,#3471);
#3012=AXIS2_PLACEMENT_3D('',#4400,#3473,#3474);
#3013=AXIS2_PLACEMENT_3D('',#4403,#3476,#3477);
#3014=AXIS2_PLACEMENT_3D('',#4409,#3481,#3482);
#3015=AXIS2_PLACEMENT_3D('',#4418,#3487,#3488);
#3016=AXIS2_PLACEMENT_3D('',#4424,#3492,#3493);
#3017=AXIS2_PLACEMENT_3D('',#4430,#3497,#3498);
#3018=AXIS2_PLACEMENT_3D('',#4433,#3501,#3502);
#3019=AXIS2_PLACEMENT_3D('',#4438,#3507,#3508);
#3020=AXIS2_PLACEMENT_3D('',#4440,#3510,#3511);
#3021=AXIS2_PLACEMENT_3D('',#4442,#3513,#3514);
#3022=AXIS2_PLACEMENT_3D('',#4444,#3516,#3517);
#3023=AXIS2_PLACEMENT_3D('',#4446,#3519,#3520);
#3024=AXIS2_PLACEMENT_3D('',#4449,#3523,#3524);
#3025=AXIS2_PLACEMENT_3D('',#4451,#3526,#3527);
#3026=AXIS2_PLACEMENT_3D('',#4453,#3529,#3530);
#3027=AXIS2_PLACEMENT_3D('',#4454,#3531,#3532);
#3028=AXIS2_PLACEMENT_3D('',#4457,#3535,#3536);
#3029=AXIS2_PLACEMENT_3D('',#4460,#3539,#3540);
#3030=AXIS2_PLACEMENT_3D('',#4463,#3543,#3544);
#3031=AXIS2_PLACEMENT_3D('',#4465,#3546,#3547);
#3032=AXIS2_PLACEMENT_3D('',#4467,#3549,#3550);
#3033=AXIS2_PLACEMENT_3D('',#4470,#3553,#3554);
#3034=AXIS2_PLACEMENT_3D('',#4472,#3556,#3557);
#3035=AXIS2_PLACEMENT_3D('',#4479,#3559,#3560);
#3036=AXIS2_PLACEMENT_3D('',#4490,#3561,#3562);
#3037=AXIS2_PLACEMENT_3D('',#4496,#3563,#3564);
#3038=AXIS2_PLACEMENT_3D('',#4502,#3566,#3567);
#3039=AXIS2_PLACEMENT_3D('',#4504,#3569,#3570);
#3040=AXIS2_PLACEMENT_3D('',#4506,#3572,#3573);
#3041=AXIS2_PLACEMENT_3D('',#4509,#3576,#3577);
#3042=AXIS2_PLACEMENT_3D('',#4514,#3578,#3579);
#3043=AXIS2_PLACEMENT_3D('',#4516,#3581,#3582);
#3044=AXIS2_PLACEMENT_3D('',#4518,#3584,#3585);
#3045=AXIS2_PLACEMENT_3D('',#4520,#3587,#3588);
#3046=AXIS2_PLACEMENT_3D('',#4522,#3590,#3591);
#3047=AXIS2_PLACEMENT_3D('',#4524,#3593,#3594);
#3048=AXIS2_PLACEMENT_3D('',#4527,#3597,#3598);
#3049=AXIS2_PLACEMENT_3D('',#4532,#3599,#3600);
#3050=AXIS2_PLACEMENT_3D('',#4534,#3602,#3603);
#3051=AXIS2_PLACEMENT_3D('',#4537,#3606,#3607);
#3052=AXIS2_PLACEMENT_3D('',#4539,#3609,#3610);
#3053=AXIS2_PLACEMENT_3D('',#4541,#3612,#3613);
#3054=AXIS2_PLACEMENT_3D('',#4546,#3614,#3615);
#3055=AXIS2_PLACEMENT_3D('',#4548,#3617,#3618);
#3056=AXIS2_PLACEMENT_3D('',#4550,#3620,#3621);
#3057=AXIS2_PLACEMENT_3D('',#4552,#3623,#3624);
#3058=AXIS2_PLACEMENT_3D('',#4555,#3627,#3628);
#3059=AXIS2_PLACEMENT_3D('',#4557,#3630,#3631);
#3060=AXIS2_PLACEMENT_3D('',#4559,#3633,#3634);
#3061=AXIS2_PLACEMENT_3D('',#4565,#3636,#3637);
#3062=AXIS2_PLACEMENT_3D('',#4568,#3640,#3641);
#3063=AXIS2_PLACEMENT_3D('',#4570,#3643,#3644);
#3064=AXIS2_PLACEMENT_3D('',#4572,#3646,#3647);
#3065=AXIS2_PLACEMENT_3D('',#4574,#3649,#3650);
#3066=AXIS2_PLACEMENT_3D('',#4576,#3652,#3653);
#3067=AXIS2_PLACEMENT_3D('',#4578,#3655,#3656);
#3068=AXIS2_PLACEMENT_3D('',#4580,#3658,#3659);
#3069=AXIS2_PLACEMENT_3D('',#4585,#3660,#3661);
#3070=AXIS2_PLACEMENT_3D('',#4587,#3663,#3664);
#3071=AXIS2_PLACEMENT_3D('',#4589,#3666,#3667);
#3072=AXIS2_PLACEMENT_3D('',#4595,#3669,#3670);
#3073=AXIS2_PLACEMENT_3D('',#4597,#3672,#3673);
#3074=AXIS2_PLACEMENT_3D('',#4602,#3674,#3675);
#3075=AXIS2_PLACEMENT_3D('',#4605,#3678,#3679);
#3076=AXIS2_PLACEMENT_3D('',#4607,#3681,#3682);
#3077=AXIS2_PLACEMENT_3D('',#4609,#3684,#3685);
#3078=AXIS2_PLACEMENT_3D('',#4614,#3686,#3687);
#3079=AXIS2_PLACEMENT_3D('',#4616,#3689,#3690);
#3080=AXIS2_PLACEMENT_3D('',#4618,#3692,#3693);
#3081=AXIS2_PLACEMENT_3D('',#4623,#3694,#3695);
#3082=AXIS2_PLACEMENT_3D('',#4625,#3697,#3698);
#3083=AXIS2_PLACEMENT_3D('',#4627,#3700,#3701);
#3084=AXIS2_PLACEMENT_3D('',#4629,#3703,#3704);
#3085=AXIS2_PLACEMENT_3D('',#4631,#3706,#3707);
#3086=AXIS2_PLACEMENT_3D('',#4636,#3708,#3709);
#3087=AXIS2_PLACEMENT_3D('',#4638,#3711,#3712);
#3088=AXIS2_PLACEMENT_3D('',#4640,#3714,#3715);
#3089=AXIS2_PLACEMENT_3D('',#4642,#3717,#3718);
#3090=AXIS2_PLACEMENT_3D('',#4647,#3719,#3720);
#3091=AXIS2_PLACEMENT_3D('',#4649,#3722,#3723);
#3092=AXIS2_PLACEMENT_3D('',#4651,#3725,#3726);
#3093=AXIS2_PLACEMENT_3D('',#4653,#3728,#3729);
#3094=AXIS2_PLACEMENT_3D('',#4655,#3731,#3732);
#3095=AXIS2_PLACEMENT_3D('',#4658,#3735,#3736);
#3096=AXIS2_PLACEMENT_3D('',#4660,#3738,#3739);
#3097=AXIS2_PLACEMENT_3D('',#4662,#3741,#3742);
#3098=AXIS2_PLACEMENT_3D('',#4664,#3744,#3745);
#3099=AXIS2_PLACEMENT_3D('',#4666,#3747,#3748);
#3100=AXIS2_PLACEMENT_3D('',#4668,#3750,#3751);
#3101=AXIS2_PLACEMENT_3D('',#4671,#3754,#3755);
#3102=AXIS2_PLACEMENT_3D('',#4674,#3758,#3759);
#3103=AXIS2_PLACEMENT_3D('',#4676,#3761,#3762);
#3104=AXIS2_PLACEMENT_3D('',#4678,#3764,#3765);
#3105=AXIS2_PLACEMENT_3D('',#4680,#3767,#3768);
#3106=AXIS2_PLACEMENT_3D('',#4682,#3770,#3771);
#3107=AXIS2_PLACEMENT_3D('',#4684,#3773,#3774);
#3108=AXIS2_PLACEMENT_3D('',#4686,#3776,#3777);
#3109=AXIS2_PLACEMENT_3D('',#4688,#3779,#3780);
#3110=AXIS2_PLACEMENT_3D('',#4690,#3782,#3783);
#3111=AXIS2_PLACEMENT_3D('',#4696,#3785,#3786);
#3112=AXIS2_PLACEMENT_3D('',#4702,#3788,#3789);
#3113=AXIS2_PLACEMENT_3D('',#4704,#3791,#3792);
#3114=AXIS2_PLACEMENT_3D('',#4706,#3794,#3795);
#3115=AXIS2_PLACEMENT_3D('',#4708,#3797,#3798);
#3116=AXIS2_PLACEMENT_3D('',#4713,#3799,#3800);
#3117=AXIS2_PLACEMENT_3D('',#4718,#3801,#3802);
#3118=AXIS2_PLACEMENT_3D('',#4720,#3804,#3805);
#3119=AXIS2_PLACEMENT_3D('',#4722,#3807,#3808);
#3120=AXIS2_PLACEMENT_3D('',#4727,#3809,#3810);
#3121=AXIS2_PLACEMENT_3D('',#4730,#3813,#3814);
#3122=AXIS2_PLACEMENT_3D('',#4733,#3817,#3818);
#3123=AXIS2_PLACEMENT_3D('',#4738,#3819,#3820);
#3124=AXIS2_PLACEMENT_3D('',#4743,#3821,#3822);
#3125=AXIS2_PLACEMENT_3D('',#4745,#3824,#3825);
#3126=AXIS2_PLACEMENT_3D('',#4747,#3827,#3828);
#3127=AXIS2_PLACEMENT_3D('',#4749,#3830,#3831);
#3128=AXIS2_PLACEMENT_3D('',#4751,#3833,#3834);
#3129=AXIS2_PLACEMENT_3D('',#4756,#3835,#3836);
#3130=AXIS2_PLACEMENT_3D('',#4758,#3838,#3839);
#3131=AXIS2_PLACEMENT_3D('',#4761,#3842,#3843);
#3132=AXIS2_PLACEMENT_3D('',#4764,#3846,#3847);
#3133=AXIS2_PLACEMENT_3D('',#4766,#3849,#3850);
#3134=AXIS2_PLACEMENT_3D('',#4768,#3852,#3853);
#3135=AXIS2_PLACEMENT_3D('',#4770,#3855,#3856);
#3136=AXIS2_PLACEMENT_3D('',#4772,#3858,#3859);
#3137=AXIS2_PLACEMENT_3D('',#4774,#3861,#3862);
#3138=AXIS2_PLACEMENT_3D('',#4776,#3864,#3865);
#3139=AXIS2_PLACEMENT_3D('',#4778,#3867,#3868);
#3140=AXIS2_PLACEMENT_3D('',#4780,#3870,#3871);
#3141=AXIS2_PLACEMENT_3D('',#4783,#3874,#3875);
#3142=AXIS2_PLACEMENT_3D('',#4786,#3878,#3879);
#3143=AXIS2_PLACEMENT_3D('',#4788,#3881,#3882);
#3144=AXIS2_PLACEMENT_3D('',#4790,#3884,#3885);
#3145=AXIS2_PLACEMENT_3D('',#4792,#3887,#3888);
#3146=AXIS2_PLACEMENT_3D('',#4794,#3890,#3891);
#3147=AXIS2_PLACEMENT_3D('',#4803,#3892,#3893);
#3148=AXIS2_PLACEMENT_3D('',#4805,#3895,#3896);
#3149=AXIS2_PLACEMENT_3D('',#4807,#3898,#3899);
#3150=AXIS2_PLACEMENT_3D('',#4809,#3901,#3902);
#3151=AXIS2_PLACEMENT_3D('',#4811,#3904,#3905);
#3152=AXIS2_PLACEMENT_3D('',#4813,#3907,#3908);
#3153=AXIS2_PLACEMENT_3D('',#4815,#3910,#3911);
#3154=AXIS2_PLACEMENT_3D('',#4817,#3913,#3914);
#3155=AXIS2_PLACEMENT_3D('',#4819,#3916,#3917);
#3156=AXIS2_PLACEMENT_3D('',#4821,#3919,#3920);
#3157=AXIS2_PLACEMENT_3D('',#4823,#3922,#3923);
#3158=AXIS2_PLACEMENT_3D('',#4825,#3925,#3926);
#3159=AXIS2_PLACEMENT_3D('',#4830,#3927,#3928);
#3160=AXIS2_PLACEMENT_3D('',#4835,#3929,#3930);
#3161=AXIS2_PLACEMENT_3D('',#4836,#3931,#3932);
#3162=AXIS2_PLACEMENT_3D('',#4837,#3933,#3934);
#3163=AXIS2_PLACEMENT_3D('',#4838,#3935,#3936);
#3164=AXIS2_PLACEMENT_3D('',#4840,#3937,#3938);
#3165=AXIS2_PLACEMENT_3D('',#4841,#3939,#3940);
#3166=AXIS2_PLACEMENT_3D('',#4843,#3941,#3942);
#3167=AXIS2_PLACEMENT_3D('',#4845,#3943,#3944);
#3168=AXIS2_PLACEMENT_3D('',#4846,#3945,#3946);
#3169=AXIS2_PLACEMENT_3D('',#4847,#3947,#3948);
#3170=AXIS2_PLACEMENT_3D('',#4849,#3949,#3950);
#3171=AXIS2_PLACEMENT_3D('',#4850,#3951,#3952);
#3172=AXIS2_PLACEMENT_3D('',#4852,#3953,#3954);
#3173=AXIS2_PLACEMENT_3D('',#4854,#3955,#3956);
#3174=AXIS2_PLACEMENT_3D('',#4855,#3957,#3958);
#3175=AXIS2_PLACEMENT_3D('',#4857,#3959,#3960);
#3176=AXIS2_PLACEMENT_3D('',#4858,#3961,#3962);
#3177=AXIS2_PLACEMENT_3D('',#4860,#3963,#3964);
#3178=AXIS2_PLACEMENT_3D('',#4861,#3965,#3966);
#3179=AXIS2_PLACEMENT_3D('',#4862,#3967,#3968);
#3180=AXIS2_PLACEMENT_3D('',#4863,#3969,#3970);
#3181=AXIS2_PLACEMENT_3D('',#4864,#3971,#3972);
#3182=AXIS2_PLACEMENT_3D('',#4865,#3973,#3974);
#3183=DIRECTION('',(0.,0.,1.));
#3184=DIRECTION('',(1.,0.,0.));
#3185=DIRECTION('',(0.,0.,1.));
#3186=DIRECTION('',(1.,0.,0.));
#3187=DIRECTION('',(0.,-1.,0.));
#3188=DIRECTION('',(0.,0.,1.));
#3189=DIRECTION('',(1.,0.,0.));
#3190=DIRECTION('',(0.,-1.,0.));
#3191=DIRECTION('',(0.707106781186542,0.707106781186554,0.));
#3192=DIRECTION('',(-1.,-4.85237335937568E-16,0.));
#3193=DIRECTION('',(0.,-1.,0.));
#3194=DIRECTION('',(0.,0.,1.));
#3195=DIRECTION('',(1.,0.,0.));
#3196=DIRECTION('',(0.,-1.,0.));
#3197=DIRECTION('',(1.,0.,0.));
#3198=DIRECTION('',(1.6787646541711E-16,1.,0.));
#3199=DIRECTION('',(-1.,0.,0.));
#3200=DIRECTION('',(2.05596856412066E-16,1.,0.));
#3201=DIRECTION('',(1.,0.,0.));
#3202=DIRECTION('',(1.6787646541711E-16,1.,0.));
#3203=DIRECTION('',(-1.,0.,0.));
#3204=DIRECTION('',(0.,0.,1.));
#3205=DIRECTION('',(1.,0.,0.));
#3206=DIRECTION('',(-1.,-4.85237335937568E-16,0.));
#3207=DIRECTION('',(0.,-1.,0.));
#3208=DIRECTION('',(0.,0.,1.));
#3209=DIRECTION('',(1.,0.,0.));
#3210=DIRECTION('',(0.,-1.,0.));
#3211=DIRECTION('',(1.,4.85237335937568E-16,0.));
#3212=DIRECTION('',(-0.707106781186548,0.707106781186548,0.));
#3213=DIRECTION('',(0.,-1.,0.));
#3214=DIRECTION('',(0.,0.,1.));
#3215=DIRECTION('',(1.,0.,0.));
#3216=DIRECTION('',(0.,0.,1.));
#3217=DIRECTION('',(1.,0.,0.));
#3218=DIRECTION('',(0.707106781186548,-0.707106781186548,0.));
#3219=DIRECTION('',(0.,1.,0.));
#3220=DIRECTION('',(0.,0.,1.));
#3221=DIRECTION('',(1.,0.,0.));
#3222=DIRECTION('',(0.,1.,0.));
#3223=DIRECTION('',(-0.707106781186548,-0.707106781186548,0.));
#3224=DIRECTION('',(1.,0.,0.));
#3225=DIRECTION('',(0.,1.,0.));
#3226=DIRECTION('',(0.,0.,1.));
#3227=DIRECTION('',(1.,0.,0.));
#3228=DIRECTION('',(0.,1.,0.));
#3229=DIRECTION('',(-1.,0.,0.));
#3230=DIRECTION('',(-1.6787646541711E-16,-1.,0.));
#3231=DIRECTION('',(1.,0.,0.));
#3232=DIRECTION('',(-2.05596856412066E-16,-1.,0.));
#3233=DIRECTION('',(-1.,0.,0.));
#3234=DIRECTION('',(-1.6787646541711E-16,-1.,0.));
#3235=DIRECTION('',(1.,0.,0.));
#3236=DIRECTION('',(0.,1.,0.));
#3237=DIRECTION('',(0.,0.,1.));
#3238=DIRECTION('',(1.,0.,0.));
#3239=DIRECTION('',(0.,1.,0.));
#3240=DIRECTION('',(-1.,0.,0.));
#3241=DIRECTION('',(0.,0.,1.));
#3242=DIRECTION('',(1.,0.,0.));
#3243=DIRECTION('',(0.,0.,1.));
#3244=DIRECTION('',(1.,0.,0.));
#3245=DIRECTION('',(0.,0.,1.));
#3246=DIRECTION('',(1.,0.,0.));
#3247=DIRECTION('',(1.,0.,0.));
#3248=DIRECTION('',(0.,1.,0.));
#3249=DIRECTION('',(-1.,0.,0.));
#3250=DIRECTION('',(0.,-1.,0.));
#3251=DIRECTION('',(-0.707106781186548,0.707106781186548,0.));
#3252=DIRECTION('',(1.,0.,0.));
#3253=DIRECTION('',(0.,-1.,0.));
#3254=DIRECTION('',(0.,0.,1.));
#3255=DIRECTION('',(1.,0.,0.));
#3256=DIRECTION('',(0.,-1.,0.));
#3257=DIRECTION('',(-1.,0.,0.));
#3258=DIRECTION('',(0.,1.,0.));
#3259=DIRECTION('',(0.,0.,1.));
#3260=DIRECTION('',(1.,0.,0.));
#3261=DIRECTION('',(0.,1.,0.));
#3262=DIRECTION('',(1.,4.85237335937568E-16,0.));
#3263=DIRECTION('',(-0.707106781186542,-0.707106781186554,0.));
#3264=DIRECTION('',(0.,1.,0.));
#3265=DIRECTION('',(0.707106781186548,-0.707106781186548,0.));
#3266=DIRECTION('',(-1.,-4.85237335937568E-16,0.));
#3267=DIRECTION('',(0.,1.,0.));
#3268=DIRECTION('',(0.,0.,1.));
#3269=DIRECTION('',(1.,0.,0.));
#3270=DIRECTION('',(0.,1.,0.));
#3271=DIRECTION('',(1.,4.85237335937568E-16,0.));
#3272=DIRECTION('',(0.,0.,1.));
#3273=DIRECTION('',(1.,0.,0.));
#3274=DIRECTION('',(1.,0.,0.));
#3275=DIRECTION('',(0.,-1.,0.));
#3276=DIRECTION('',(0.,0.,1.));
#3277=DIRECTION('',(1.,0.,0.));
#3278=DIRECTION('',(0.,-1.,0.));
#3279=DIRECTION('',(-1.,0.,0.));
#3280=DIRECTION('',(0.707106781186548,0.707106781186548,0.));
#3281=DIRECTION('',(0.,-1.,0.));
#3282=DIRECTION('',(0.,0.,1.));
#3283=DIRECTION('',(1.,0.,0.));
#3284=DIRECTION('',(0.,-1.,0.));
#3285=DIRECTION('',(0.,1.,0.));
#3286=DIRECTION('',(0.,0.,1.));
#3287=DIRECTION('',(0.,0.,-1.));
#3288=DIRECTION('',(-1.,0.,0.));
#3289=DIRECTION('',(0.,0.,1.));
#3290=DIRECTION('',(1.,0.,0.));
#3291=DIRECTION('',(0.,1.,0.));
#3292=DIRECTION('',(0.,0.,1.));
#3293=DIRECTION('',(0.,0.,1.));
#3294=DIRECTION('',(-1.,0.,0.));
#3295=DIRECTION('',(0.,0.,1.));
#3296=DIRECTION('',(1.,0.,0.));
#3297=DIRECTION('',(0.,0.,1.));
#3298=DIRECTION('',(-1.,0.,0.));
#3299=DIRECTION('',(0.,0.,-1.));
#3300=DIRECTION('',(1.,0.,0.));
#3301=DIRECTION('',(0.,-1.,0.));
#3302=DIRECTION('',(0.,0.,-1.));
#3303=DIRECTION('',(0.,0.,1.));
#3304=DIRECTION('',(1.,0.,0.));
#3305=DIRECTION('',(0.,0.,-1.));
#3306=DIRECTION('',(-1.,0.,0.));
#3307=DIRECTION('',(0.,0.,-1.));
#3308=DIRECTION('',(1.,0.,0.));
#3309=DIRECTION('',(0.,0.,-1.));
#3310=DIRECTION('',(-1.,0.,0.));
#3311=DIRECTION('',(0.,1.,0.));
#3312=DIRECTION('',(0.,0.,1.));
#3313=DIRECTION('',(0.,0.,1.));
#3314=DIRECTION('',(1.,0.,0.));
#3315=DIRECTION('',(0.,0.,-1.));
#3316=DIRECTION('',(1.,0.,0.));
#3317=DIRECTION('',(1.,-2.05596856412066E-16,0.));
#3318=DIRECTION('',(2.05596856412066E-16,1.,0.));
#3319=DIRECTION('',(0.,0.,-1.));
#3320=DIRECTION('',(-2.05596856412066E-16,-1.,0.));
#3321=DIRECTION('',(0.,0.,-1.));
#3322=DIRECTION('',(-2.05596856412066E-16,-1.,0.));
#3323=DIRECTION('',(0.,1.,0.));
#3324=DIRECTION('',(0.,0.,1.));
#3325=DIRECTION('',(0.,0.,1.));
#3326=DIRECTION('',(-1.,0.,0.));
#3327=DIRECTION('',(1.,0.,0.));
#3328=DIRECTION('',(1.,-2.05596856412066E-16,0.));
#3329=DIRECTION('',(2.05596856412066E-16,1.,0.));
#3330=DIRECTION('',(2.05596856412066E-16,1.,0.));
#3331=DIRECTION('',(-2.05596856412066E-16,-1.,0.));
#3332=DIRECTION('',(-4.85237335937568E-16,1.,0.));
#3333=DIRECTION('',(-1.,-4.85237335937568E-16,0.));
#3334=DIRECTION('',(1.,4.85237335937568E-16,0.));
#3335=DIRECTION('',(0.,0.,-1.));
#3336=DIRECTION('',(-1.,-4.85237335937568E-16,0.));
#3337=DIRECTION('',(0.,0.,1.));
#3338=DIRECTION('',(1.,0.,0.));
#3339=DIRECTION('',(0.,0.,-1.));
#3340=DIRECTION('',(0.,-1.,0.));
#3341=DIRECTION('',(0.,0.,1.));
#3342=DIRECTION('',(0.,1.,0.));
#3343=DIRECTION('',(0.,0.,-1.));
#3344=DIRECTION('',(0.,0.,-1.));
#3345=DIRECTION('',(-1.,0.,0.));
#3346=DIRECTION('',(0.,0.,1.));
#3347=DIRECTION('',(1.,0.,0.));
#3348=DIRECTION('',(0.,0.,-1.));
#3349=DIRECTION('',(0.,0.,1.));
#3350=DIRECTION('',(1.,0.,0.));
#3351=DIRECTION('',(0.,0.,-1.));
#3352=DIRECTION('',(1.,0.,0.));
#3353=DIRECTION('',(0.,0.,-1.));
#3354=DIRECTION('',(0.,1.,0.));
#3355=DIRECTION('',(0.,0.,-1.));
#3356=DIRECTION('',(0.,-1.,0.));
#3357=DIRECTION('',(0.,0.,1.));
#3358=DIRECTION('',(-4.85237335937568E-16,1.,0.));
#3359=DIRECTION('',(-1.,-4.85237335937568E-16,0.));
#3360=DIRECTION('',(1.,4.85237335937568E-16,0.));
#3361=DIRECTION('',(0.,0.,1.));
#3362=DIRECTION('',(-1.,-4.85237335937568E-16,0.));
#3363=DIRECTION('',(0.,0.,-1.));
#3364=DIRECTION('',(1.,0.,0.));
#3365=DIRECTION('',(0.,0.,-1.));
#3366=DIRECTION('',(0.,-1.,0.));
#3367=DIRECTION('',(0.,0.,1.));
#3368=DIRECTION('',(0.,1.,0.));
#3369=DIRECTION('',(0.,0.,-1.));
#3370=DIRECTION('',(-4.85237335937568E-16,1.,0.));
#3371=DIRECTION('',(-1.,-4.85237335937568E-16,0.));
#3372=DIRECTION('',(1.,4.85237335937568E-16,0.));
#3373=DIRECTION('',(0.,0.,-1.));
#3374=DIRECTION('',(-1.,-4.85237335937568E-16,0.));
#3375=DIRECTION('',(0.,0.,1.));
#3376=DIRECTION('',(1.,0.,0.));
#3377=DIRECTION('',(0.,0.,-1.));
#3378=DIRECTION('',(0.,-1.,0.));
#3379=DIRECTION('',(0.,0.,1.));
#3380=DIRECTION('',(0.,1.,0.));
#3381=DIRECTION('',(0.,0.,-1.));
#3382=DIRECTION('',(0.,0.,-1.));
#3383=DIRECTION('',(-1.,0.,0.));
#3384=DIRECTION('',(0.,0.,1.));
#3385=DIRECTION('',(1.,0.,0.));
#3386=DIRECTION('',(0.,0.,-1.));
#3387=DIRECTION('',(0.,0.,1.));
#3388=DIRECTION('',(1.,0.,0.));
#3389=DIRECTION('',(0.,0.,-1.));
#3390=DIRECTION('',(1.,0.,0.));
#3391=DIRECTION('',(0.,0.,-1.));
#3392=DIRECTION('',(0.,1.,0.));
#3393=DIRECTION('',(0.,0.,-1.));
#3394=DIRECTION('',(0.,-1.,0.));
#3395=DIRECTION('',(0.,0.,1.));
#3396=DIRECTION('',(1.,0.,0.));
#3397=DIRECTION('',(0.,0.,-1.));
#3398=DIRECTION('',(0.,1.,0.));
#3399=DIRECTION('',(0.,0.,1.));
#3400=DIRECTION('',(0.,-1.,0.));
#3401=DIRECTION('',(0.,0.,-1.));
#3402=DIRECTION('',(0.,0.,-1.));
#3403=DIRECTION('',(-1.,0.,0.));
#3404=DIRECTION('',(0.,0.,1.));
#3405=DIRECTION('',(1.,0.,0.));
#3406=DIRECTION('',(0.,0.,-1.));
#3407=DIRECTION('',(0.,0.,1.));
#3408=DIRECTION('',(1.,0.,0.));
#3409=DIRECTION('',(0.,0.,-1.));
#3410=DIRECTION('',(1.,0.,0.));
#3411=DIRECTION('',(0.,0.,-1.));
#3412=DIRECTION('',(0.,-1.,0.));
#3413=DIRECTION('',(0.,0.,-1.));
#3414=DIRECTION('',(0.,1.,0.));
#3415=DIRECTION('',(0.,0.,1.));
#3416=DIRECTION('',(0.,-1.,0.));
#3417=DIRECTION('',(0.,0.,-1.));
#3418=DIRECTION('',(-1.,0.,0.));
#3419=DIRECTION('',(0.,0.,1.));
#3420=DIRECTION('',(1.,0.,0.));
#3421=DIRECTION('',(0.,0.,-1.));
#3422=DIRECTION('',(1.,0.,0.));
#3423=DIRECTION('',(0.,0.,-1.));
#3424=DIRECTION('',(0.,1.,0.));
#3425=DIRECTION('',(0.,0.,1.));
#3426=DIRECTION('',(0.,-1.,0.));
#3427=DIRECTION('',(0.,0.,-1.));
#3428=DIRECTION('',(0.,0.,-1.));
#3429=DIRECTION('',(-1.,0.,0.));
#3430=DIRECTION('',(0.,0.,1.));
#3431=DIRECTION('',(1.,0.,0.));
#3432=DIRECTION('',(0.,0.,-1.));
#3433=DIRECTION('',(0.,0.,1.));
#3434=DIRECTION('',(1.,0.,0.));
#3435=DIRECTION('',(0.,0.,-1.));
#3436=DIRECTION('',(1.,0.,0.));
#3437=DIRECTION('',(0.,0.,-1.));
#3438=DIRECTION('',(0.,-1.,0.));
#3439=DIRECTION('',(0.,0.,-1.));
#3440=DIRECTION('',(0.,1.,0.));
#3441=DIRECTION('',(0.,0.,1.));
#3442=DIRECTION('',(0.,-1.,0.));
#3443=DIRECTION('',(0.,0.,-1.));
#3444=DIRECTION('',(-1.,0.,0.));
#3445=DIRECTION('',(0.,0.,-1.));
#3446=DIRECTION('',(1.,0.,0.));
#3447=DIRECTION('',(0.,0.,1.));
#3448=DIRECTION('',(1.,0.,0.));
#3449=DIRECTION('',(0.,0.,-1.));
#3450=DIRECTION('',(0.,1.,0.));
#3451=DIRECTION('',(0.,0.,1.));
#3452=DIRECTION('',(0.,-1.,0.));
#3453=DIRECTION('',(0.,0.,-1.));
#3454=DIRECTION('',(0.,0.,-1.));
#3455=DIRECTION('',(-1.,0.,0.));
#3456=DIRECTION('',(0.,0.,1.));
#3457=DIRECTION('',(1.,0.,0.));
#3458=DIRECTION('',(0.,0.,-1.));
#3459=DIRECTION('',(0.,0.,1.));
#3460=DIRECTION('',(1.,0.,0.));
#3461=DIRECTION('',(0.,0.,-1.));
#3462=DIRECTION('',(1.,0.,0.));
#3463=DIRECTION('',(0.,0.,-1.));
#3464=DIRECTION('',(0.,-1.,0.));
#3465=DIRECTION('',(0.,0.,-1.));
#3466=DIRECTION('',(0.,1.,0.));
#3467=DIRECTION('',(0.,0.,1.));
#3468=DIRECTION('',(0.,0.,-1.));
#3469=DIRECTION('',(-1.,0.,0.));
#3470=DIRECTION('',(0.,0.,1.));
#3471=DIRECTION('',(1.,0.,0.));
#3472=DIRECTION('',(0.,0.,-1.));
#3473=DIRECTION('',(0.,0.,1.));
#3474=DIRECTION('',(1.,0.,0.));
#3475=DIRECTION('',(0.,0.,-1.));
#3476=DIRECTION('',(0.,1.,0.));
#3477=DIRECTION('',(0.,0.,1.));
#3478=DIRECTION('',(1.,0.,0.));
#3479=DIRECTION('',(0.,0.,1.));
#3480=DIRECTION('',(1.,0.,0.));
#3481=DIRECTION('',(1.,0.,0.));
#3482=DIRECTION('',(0.,0.,-1.));
#3483=DIRECTION('',(0.,0.,-1.));
#3484=DIRECTION('',(0.,1.,0.));
#3485=DIRECTION('',(0.,0.,-1.));
#3486=DIRECTION('',(0.,-1.,0.));
#3487=DIRECTION('',(0.,1.,0.));
#3488=DIRECTION('',(0.,0.,1.));
#3489=DIRECTION('',(1.,0.,0.));
#3490=DIRECTION('',(0.,0.,-1.));
#3491=DIRECTION('',(1.,0.,0.));
#3492=DIRECTION('',(1.,0.,0.));
#3493=DIRECTION('',(0.,0.,-1.));
#3494=DIRECTION('',(0.,-1.,0.));
#3495=DIRECTION('',(0.,0.,-1.));
#3496=DIRECTION('',(0.,-1.,0.));
#3497=DIRECTION('',(0.,1.,0.));
#3498=DIRECTION('',(0.,0.,1.));
#3499=DIRECTION('',(-1.,0.,0.));
#3500=DIRECTION('',(1.,0.,0.));
#3501=DIRECTION('',(0.,0.,1.));
#3502=DIRECTION('',(1.,0.,0.));
#3503=DIRECTION('',(1.6787646541711E-16,1.,0.));
#3504=DIRECTION('',(1.6787646541711E-16,1.,0.));
#3505=DIRECTION('',(1.6787646541711E-16,1.,0.));
#3506=DIRECTION('',(1.6787646541711E-16,1.,0.));
#3507=DIRECTION('',(-1.,1.6787646541711E-16,0.));
#3508=DIRECTION('',(-1.6787646541711E-16,-1.,0.));
#3509=DIRECTION('',(1.6787646541711E-16,1.,0.));
#3510=DIRECTION('',(-1.,1.6787646541711E-16,0.));
#3511=DIRECTION('',(-1.6787646541711E-16,-1.,0.));
#3512=DIRECTION('',(-1.6787646541711E-16,-1.,0.));
#3513=DIRECTION('',(-1.,1.6787646541711E-16,0.));
#3514=DIRECTION('',(-1.6787646541711E-16,-1.,0.));
#3515=DIRECTION('',(1.6787646541711E-16,1.,0.));
#3516=DIRECTION('',(-1.,1.6787646541711E-16,0.));
#3517=DIRECTION('',(-1.6787646541711E-16,-1.,0.));
#3518=DIRECTION('',(-1.6787646541711E-16,-1.,0.));
#3519=DIRECTION('',(0.70710678118655,0.,-0.707106781186546));
#3520=DIRECTION('',(0.,1.,0.));
#3521=DIRECTION('',(0.577350269189623,0.577350269189628,0.577350269189626));
#3522=DIRECTION('',(-0.577350269189623,0.577350269189628,-0.577350269189626));
#3523=DIRECTION('',(0.,0.707106781186547,0.707106781186549));
#3524=DIRECTION('',(1.,0.,0.));
#3525=DIRECTION('',(-0.57735026918963,-0.577350269189625,0.577350269189623));
#3526=DIRECTION('',(0.,0.707106781186547,-0.707106781186549));
#3527=DIRECTION('',(-1.,0.,0.));
#3528=DIRECTION('',(-0.57735026918963,0.577350269189625,0.577350269189623));
#3529=DIRECTION('',(0.707106781186544,0.,0.707106781186552));
#3530=DIRECTION('',(0.,-1.,0.));
#3531=DIRECTION('',(3.4311461072635E-16,-0.707106781186548,0.707106781186547));
#3532=DIRECTION('',(-1.,-4.85237335937568E-16,0.));
#3533=DIRECTION('',(4.53135268399474E-14,0.707106781186547,0.707106781186548));
#3534=DIRECTION('',(0.,-0.707106781186551,-0.707106781186544));
#3535=DIRECTION('',(-0.57735026918964,-0.5773502691896,0.577350269189637));
#3536=DIRECTION('',(0.707106781186545,0.,0.70710678118655));
#3537=DIRECTION('',(-0.707106781186523,0.707106781186572,1.19609907444041E-16));
#3538=DIRECTION('',(-0.707106781186545,-6.83925587035535E-17,-0.70710678118655));
#3539=DIRECTION('',(-0.577350269189624,-0.577350269189624,0.57735026918963));
#3540=DIRECTION('',(0.707106781186552,0.,0.707106781186544));
#3541=DIRECTION('',(-0.707106781186548,0.707106781186548,0.));
#3542=DIRECTION('',(0.707106781186545,0.,0.70710678118655));
#3543=DIRECTION('',(-0.70710678118655,0.,0.707106781186545));
#3544=DIRECTION('',(0.,1.,0.));
#3545=DIRECTION('',(0.706834239853278,0.0277617496219535,0.706834239853282));
#3546=DIRECTION('',(0.707106781186572,0.707106781186523,0.));
#3547=DIRECTION('',(0.,0.,-1.));
#3548=DIRECTION('',(0.707106781186523,-0.707106781186572,3.03318571100865E-16));
#3549=DIRECTION('',(-3.4311461072635E-16,0.707106781186548,0.707106781186547));
#3550=DIRECTION('',(1.,4.85237335937568E-16,0.));
#3551=DIRECTION('',(0.,0.707106781186551,-0.707106781186544));
#3552=DIRECTION('',(4.51896231300126E-14,0.707106781186547,-0.707106781186548));
#3553=DIRECTION('',(-0.707106781186548,-0.707106781186548,0.));
#3554=DIRECTION('',(0.,0.,1.));
#3555=DIRECTION('',(0.707106781186548,-0.707106781186548,0.));
#3556=DIRECTION('',(-0.70710678118655,0.,0.707106781186545));
#3557=DIRECTION('',(0.,1.,0.));
#3558=DIRECTION('',(-0.707106781186545,0.,-0.70710678118655));
#3559=DIRECTION('',(-0.70710678118655,0.,0.707106781186545));
#3560=DIRECTION('',(-0.707106781186545,0.,-0.70710678118655));
#3561=DIRECTION('',(-0.70710678118655,0.,0.707106781186545));
#3562=DIRECTION('',(-0.707106781186545,0.,-0.70710678118655));
#3563=DIRECTION('',(-0.592920630900913,0.568204643981365,0.570603722394162));
#3564=DIRECTION('',(0.693416623789044,0.,0.720536873347231));
#3565=DIRECTION('',(0.691898406021668,0.721994872381152,0.));
#3566=DIRECTION('',(-0.57735026918964,-0.5773502691896,-0.577350269189637));
#3567=DIRECTION('',(-0.707106781186545,0.,0.70710678118655));
#3568=DIRECTION('',(-0.707106781186545,-9.61481343191824E-17,0.70710678118655));
#3569=DIRECTION('',(-0.577350269189627,-0.577350269189627,-0.577350269189623));
#3570=DIRECTION('',(0.707106781186547,-0.707106781186548,0.));
#3571=DIRECTION('',(-0.707106781186545,0.,0.70710678118655));
#3572=DIRECTION('',(-0.57735026918963,0.57735026918962,0.577350269189627));
#3573=DIRECTION('',(0.707106781186545,0.,0.70710678118655));
#3574=DIRECTION('',(-0.707106781186542,-0.707106781186554,0.));
#3575=DIRECTION('',(0.,-0.707106781186539,0.707106781186556));
#3576=DIRECTION('',(0.,0.,1.));
#3577=DIRECTION('',(1.,0.,0.));
#3578=DIRECTION('',(0.721994872381152,-0.691898406021668,0.));
#3579=DIRECTION('',(0.,0.,-1.));
#3580=DIRECTION('',(-0.691898406021668,-0.721994872381152,2.77555756156289E-17));
#3581=DIRECTION('',(0.70710678118655,0.,0.707106781186545));
#3582=DIRECTION('',(0.,-1.,0.));
#3583=DIRECTION('',(0.706834239853278,0.0277617496219535,-0.706834239853282));
#3584=DIRECTION('',(0.70710678118655,0.,0.707106781186545));
#3585=DIRECTION('',(0.,-1.,0.));
#3586=DIRECTION('',(0.707106781186545,0.,-0.70710678118655));
#3587=DIRECTION('',(0.707106781186554,-0.707106781186541,0.));
#3588=DIRECTION('',(0.,0.,-1.));
#3589=DIRECTION('',(0.707106781186542,0.707106781186554,0.));
#3590=DIRECTION('',(3.43114610726352E-16,-0.707106781186552,-0.707106781186543));
#3591=DIRECTION('',(1.,4.85237335937568E-16,0.));
#3592=DIRECTION('',(3.84592537276721E-15,-0.707106781186543,0.707106781186552));
#3593=DIRECTION('',(-0.592920630900913,-0.568204643981365,0.570603722394162));
#3594=DIRECTION('',(0.693416623789044,0.,0.720536873347231));
#3595=DIRECTION('',(-0.691898406021668,0.721994872381152,-2.77555756156289E-17));
#3596=DIRECTION('',(-0.706834239853278,0.0277617496219535,-0.706834239853282));
#3597=DIRECTION('',(-0.592920630900913,0.568204643981365,-0.570603722394162));
#3598=DIRECTION('',(-0.693416623789044,0.,0.720536873347231));
#3599=DIRECTION('',(-0.577350269189637,0.577350269189627,-0.577350269189613));
#3600=DIRECTION('',(-0.707106781186541,-0.707106781186554,0.));
#3601=DIRECTION('',(0.,0.707106781186539,0.707106781186556));
#3602=DIRECTION('',(-0.577350269189614,0.577350269189634,0.57735026918963));
#3603=DIRECTION('',(0.,-0.707106781186545,0.70710678118655));
#3604=DIRECTION('',(0.707106781186545,-2.45177742513901E-14,0.70710678118655));
#3605=DIRECTION('',(-0.70710678118656,-0.707106781186535,9.18543318284135E-17));
#3606=DIRECTION('',(-0.70710678118655,0.,0.707106781186545));
#3607=DIRECTION('',(0.,1.,0.));
#3608=DIRECTION('',(0.707106781186545,-1.23903709934807E-16,0.70710678118655));
#3609=DIRECTION('',(0.721994872381152,0.691898406021668,0.));
#3610=DIRECTION('',(0.,0.,-1.));
#3611=DIRECTION('',(0.691898406021668,-0.721994872381152,0.));
#3612=DIRECTION('',(0.,0.,-1.));
#3613=DIRECTION('',(-1.,0.,0.));
#3614=DIRECTION('',(-3.43114610726352E-16,0.707106781186552,-0.707106781186543));
#3615=DIRECTION('',(-1.,-4.85237335937568E-16,0.));
#3616=DIRECTION('',(3.84592537276721E-15,-0.707106781186543,-0.707106781186552));
#3617=DIRECTION('',(-0.707106781186535,0.70710678118656,0.));
#3618=DIRECTION('',(0.,0.,1.));
#3619=DIRECTION('',(0.70710678118656,0.707106781186535,9.18543318284135E-17));
#3620=DIRECTION('',(-0.70710678118655,0.,0.707106781186545));
#3621=DIRECTION('',(0.,1.,0.));
#3622=DIRECTION('',(-0.706834239853278,0.027761749621929,-0.706834239853283));
#3623=DIRECTION('',(-0.577350269189627,0.577350269189627,0.577350269189623));
#3624=DIRECTION('',(-0.707106781186548,-0.707106781186548,0.));
#3625=DIRECTION('',(-0.707106781186547,-0.707106781186547,0.));
#3626=DIRECTION('',(3.91431793147067E-15,-0.707106781186544,0.707106781186552));
#3627=DIRECTION('',(-0.592920630900913,-0.568204643981365,-0.570603722394162));
#3628=DIRECTION('',(-0.693416623789044,0.,0.720536873347231));
#3629=DIRECTION('',(-0.706834239853278,0.0277617496219535,0.706834239853282));
#3630=DIRECTION('',(-0.577350269189614,0.577350269189634,-0.57735026918963));
#3631=DIRECTION('',(0.,0.707106781186545,0.70710678118655));
#3632=DIRECTION('',(0.707106781186545,-2.45177742513901E-14,-0.70710678118655));
#3633=DIRECTION('',(-0.592920630900906,-0.568204643981359,0.570603722394175));
#3634=DIRECTION('',(0.693416623789056,0.,0.720536873347219));
#3635=DIRECTION('',(-0.691898406021668,0.721994872381152,-1.21121225795358E-16));
#3636=DIRECTION('',(-0.707106781186548,1.45378931359609E-16,-0.707106781186547));
#3637=DIRECTION('',(-2.05596856412066E-16,-1.,0.));
#3638=DIRECTION('',(0.577350269189626,0.577350269189624,-0.577350269189628));
#3639=DIRECTION('',(-0.577350269189626,0.577350269189624,0.577350269189628));
#3640=DIRECTION('',(0.,-0.70710678118655,0.707106781186545));
#3641=DIRECTION('',(-1.,0.,0.));
#3642=DIRECTION('',(0.577350269189625,-0.577350269189625,-0.577350269189628));
#3643=DIRECTION('',(3.43114610726352E-16,-0.707106781186552,-0.707106781186543));
#3644=DIRECTION('',(1.,4.85237335937568E-16,0.));
#3645=DIRECTION('',(-0.027761749621938,0.706834239853276,-0.706834239853284));
#3646=DIRECTION('',(-0.707106781186548,0.707106781186548,0.));
#3647=DIRECTION('',(0.,0.,1.));
#3648=DIRECTION('',(0.707106781186548,0.707106781186548,3.95172902929289E-16));
#3649=DIRECTION('',(0.70710678118655,0.,0.707106781186545));
#3650=DIRECTION('',(0.,-1.,0.));
#3651=DIRECTION('',(0.707106781186545,-1.23903709934807E-16,-0.70710678118655));
#3652=DIRECTION('',(0.70710678118655,0.,0.707106781186545));
#3653=DIRECTION('',(0.,-1.,0.));
#3654=DIRECTION('',(-0.706834239853278,0.027761749621929,0.706834239853283));
#3655=DIRECTION('',(0.721994872381152,0.691898406021668,0.));
#3656=DIRECTION('',(0.,0.,-1.));
#3657=DIRECTION('',(0.691898406021668,-0.721994872381152,-1.21121225795358E-16));
#3658=DIRECTION('',(0.,0.,1.));
#3659=DIRECTION('',(1.,0.,0.));
#3660=DIRECTION('',(0.,-0.70710678118655,-0.707106781186545));
#3661=DIRECTION('',(1.,0.,0.));
#3662=DIRECTION('',(-0.577350269189625,-0.577350269189624,0.577350269189628));
#3663=DIRECTION('',(0.70710678118655,-1.18706587098068E-16,0.707106781186545));
#3664=DIRECTION('',(1.6787646541711E-16,1.,0.));
#3665=DIRECTION('',(0.577350269189625,0.577350269189624,-0.577350269189628));
#3666=DIRECTION('',(0.568204643981369,0.592920630900907,0.570603722394165));
#3667=DIRECTION('',(0.,-0.693416623789049,0.720536873347226));
#3668=DIRECTION('',(0.721994872381146,-0.691898406021674,6.8131512687375E-16));
#3669=DIRECTION('',(-0.577350269189627,0.577350269189627,-0.577350269189623));
#3670=DIRECTION('',(-0.707106781186548,-0.707106781186547,0.));
#3671=DIRECTION('',(3.46133283549041E-15,-0.707106781186543,-0.707106781186552));
#3672=DIRECTION('',(-0.592920630900906,-0.568204643981359,-0.570603722394175));
#3673=DIRECTION('',(-0.693416623789056,0.,0.720536873347219));
#3674=DIRECTION('',(-0.592920630900906,0.568204643981359,0.570603722394175));
#3675=DIRECTION('',(0.693416623789056,0.,0.720536873347219));
#3676=DIRECTION('',(0.706834239853278,0.027761749621929,0.706834239853283));
#3677=DIRECTION('',(0.691898406021668,0.721994872381152,1.21121225795358E-16));
#3678=DIRECTION('',(0.70710678118655,-1.18706587098068E-16,0.707106781186545));
#3679=DIRECTION('',(1.6787646541711E-16,1.,0.));
#3680=DIRECTION('',(0.577350269189625,-0.577350269189625,-0.577350269189628));
#3681=DIRECTION('',(0.,0.70710678118655,0.707106781186545));
#3682=DIRECTION('',(1.,0.,0.));
#3683=DIRECTION('',(0.027761749621929,0.706834239853278,-0.706834239853283));
#3684=DIRECTION('',(0.,0.,1.));
#3685=DIRECTION('',(1.,0.,0.));
#3686=DIRECTION('',(-0.691898406021674,-0.721994872381146,0.));
#3687=DIRECTION('',(0.,0.,-1.));
#3688=DIRECTION('',(-0.721994872381146,0.691898406021674,8.02436352669111E-16));
#3689=DIRECTION('',(-3.43114610726352E-16,0.707106781186552,-0.707106781186543));
#3690=DIRECTION('',(-1.,-4.85237335937568E-16,0.));
#3691=DIRECTION('',(-0.0277617496219383,0.706834239853276,0.706834239853284));
#3692=DIRECTION('',(0.,0.,-1.));
#3693=DIRECTION('',(-1.,0.,0.));
#3694=DIRECTION('',(0.721994872381152,-0.691898406021668,0.));
#3695=DIRECTION('',(0.,0.,-1.));
#3696=DIRECTION('',(-0.691898406021668,-0.721994872381152,1.21121225795358E-16));
#3697=DIRECTION('',(-0.70710678118655,0.,0.707106781186545));
#3698=DIRECTION('',(0.,1.,0.));
#3699=DIRECTION('',(-0.707106781186545,-1.23903709934807E-16,-0.70710678118655));
#3700=DIRECTION('',(0.,-0.70710678118655,0.707106781186545));
#3701=DIRECTION('',(-1.,0.,0.));
#3702=DIRECTION('',(1.23903709934807E-16,0.707106781186545,0.70710678118655));
#3703=DIRECTION('',(-0.56820464398144,0.592920630900868,0.570603722394134));
#3704=DIRECTION('',(0.,-0.693416623789053,0.720536873347222));
#3705=DIRECTION('',(0.72199487238108,0.691898406021743,0.));
#3706=DIRECTION('',(0.568204643981369,0.592920630900907,-0.570603722394165));
#3707=DIRECTION('',(0.,0.693416623789049,0.720536873347226));
#3708=DIRECTION('',(-0.592920630900906,0.568204643981359,-0.570603722394175));
#3709=DIRECTION('',(-0.693416623789056,0.,0.720536873347219));
#3710=DIRECTION('',(0.706834239853278,0.027761749621929,-0.706834239853283));
#3711=DIRECTION('',(-0.577350269189627,-0.577350269189627,0.577350269189623));
#3712=DIRECTION('',(0.707106781186548,-0.707106781186548,0.));
#3713=DIRECTION('',(-0.707106781186547,0.707106781186547,0.));
#3714=DIRECTION('',(0.691898406021743,-0.72199487238108,0.));
#3715=DIRECTION('',(0.,0.,-1.));
#3716=DIRECTION('',(-0.72199487238108,-0.691898406021743,9.33656501797387E-17));
#3717=DIRECTION('',(0.,0.,-1.));
#3718=DIRECTION('',(-1.,0.,0.));
#3719=DIRECTION('',(0.70710678118655,0.,0.707106781186545));
#3720=DIRECTION('',(0.,-1.,0.));
#3721=DIRECTION('',(-0.707106781186545,-1.23903709934807E-16,0.70710678118655));
#3722=DIRECTION('',(0.707106781186548,0.707106781186548,0.));
#3723=DIRECTION('',(0.,0.,-1.));
#3724=DIRECTION('',(0.707106781186547,-0.707106781186547,0.));
#3725=DIRECTION('',(-0.56820464398144,0.592920630900868,-0.570603722394134));
#3726=DIRECTION('',(0.,0.693416623789053,0.720536873347222));
#3727=DIRECTION('',(0.0277617496219289,0.706834239853278,0.706834239853283));
#3728=DIRECTION('',(-0.577350269189627,-0.577350269189627,-0.577350269189623));
#3729=DIRECTION('',(0.707106781186548,-0.707106781186548,0.));
#3730=DIRECTION('',(1.23903709934807E-16,0.707106781186545,-0.70710678118655));
#3731=DIRECTION('',(-0.707106781186551,1.45378931359609E-16,0.707106781186544));
#3732=DIRECTION('',(2.05596856412066E-16,1.,0.));
#3733=DIRECTION('',(-0.577350269189623,0.577350269189625,-0.577350269189629));
#3734=DIRECTION('',(0.577350269189623,0.577350269189625,0.577350269189629));
#3735=DIRECTION('',(0.,-0.70710678118655,0.707106781186545));
#3736=DIRECTION('',(-1.,0.,0.));
#3737=DIRECTION('',(-0.577350269189624,-0.577350269189625,-0.577350269189628));
#3738=DIRECTION('',(0.,-0.70710678118655,0.707106781186545));
#3739=DIRECTION('',(-1.,0.,0.));
#3740=DIRECTION('',(-1.23903709934807E-16,-0.707106781186545,-0.70710678118655));
#3741=DIRECTION('',(0.,0.70710678118655,0.707106781186545));
#3742=DIRECTION('',(1.,0.,0.));
#3743=DIRECTION('',(6.8392558703548E-17,-0.707106781186545,0.70710678118655));
#3744=DIRECTION('',(0.,-0.70710678118655,-0.707106781186545));
#3745=DIRECTION('',(1.,0.,0.));
#3746=DIRECTION('',(0.577350269189624,-0.577350269189625,0.577350269189628));
#3747=DIRECTION('',(0.70710678118655,-1.18706587098068E-16,-0.707106781186545));
#3748=DIRECTION('',(-1.6787646541711E-16,-1.,0.));
#3749=DIRECTION('',(-0.577350269189624,0.577350269189625,-0.577350269189628));
#3750=DIRECTION('',(0.577350269189627,0.577350269189627,-0.577350269189623));
#3751=DIRECTION('',(-0.707106781186548,0.707106781186548,0.));
#3752=DIRECTION('',(-0.707106781186545,-1.23903709934807E-16,-0.70710678118655));
#3753=DIRECTION('',(0.707106781186547,-0.707106781186547,0.));
#3754=DIRECTION('',(0.577350269189634,-0.577350269189624,-0.57735026918962));
#3755=DIRECTION('',(0.707106781186541,0.707106781186554,0.));
#3756=DIRECTION('',(-0.707106781186541,-0.707106781186554,-1.19609907444045E-16));
#3757=DIRECTION('',(0.707106781186545,1.23069611928548E-14,0.70710678118655));
#3758=DIRECTION('',(0.70710678118655,-1.18706587098068E-16,-0.707106781186545));
#3759=DIRECTION('',(-1.6787646541711E-16,-1.,0.));
#3760=DIRECTION('',(-0.577350269189624,-0.577350269189625,-0.577350269189628));
#3761=DIRECTION('',(0.,0.70710678118655,0.707106781186545));
#3762=DIRECTION('',(1.,0.,0.));
#3763=DIRECTION('',(-1.23903709934807E-16,-0.707106781186545,0.70710678118655));
#3764=DIRECTION('',(0.707106781186548,0.707106781186548,0.));
#3765=DIRECTION('',(0.,0.,1.));
#3766=DIRECTION('',(-0.707106781186547,0.707106781186547,0.));
#3767=DIRECTION('',(0.70710678118655,0.,-0.707106781186545));
#3768=DIRECTION('',(0.,1.,0.));
#3769=DIRECTION('',(0.706834239853278,0.0277617496219535,0.706834239853282));
#3770=DIRECTION('',(0.70710678118655,0.,-0.707106781186545));
#3771=DIRECTION('',(0.,1.,0.));
#3772=DIRECTION('',(-0.706834239853278,0.027761749621929,-0.706834239853283));
#3773=DIRECTION('',(0.707106781186554,-0.707106781186541,0.));
#3774=DIRECTION('',(0.,0.,1.));
#3775=DIRECTION('',(0.707106781186541,0.707106781186554,-1.19609907444045E-16));
#3776=DIRECTION('',(0.,-0.70710678118655,0.707106781186545));
#3777=DIRECTION('',(-1.,0.,0.));
#3778=DIRECTION('',(6.8392558703548E-17,-0.707106781186545,-0.70710678118655));
#3779=DIRECTION('',(0.577350269189627,0.577350269189627,0.577350269189623));
#3780=DIRECTION('',(-0.707106781186548,0.707106781186548,0.));
#3781=DIRECTION('',(-0.707106781186545,-1.23903709934807E-16,0.70710678118655));
#3782=DIRECTION('',(0.592920630900913,-0.568204643981365,-0.570603722394162));
#3783=DIRECTION('',(-0.693416623789044,0.,-0.720536873347231));
#3784=DIRECTION('',(0.691898406021668,0.721994872381152,2.77555756156289E-17));
#3785=DIRECTION('',(0.592920630900906,0.568204643981359,-0.570603722394175));
#3786=DIRECTION('',(-0.693416623789056,0.,-0.720536873347219));
#3787=DIRECTION('',(-0.691898406021668,0.721994872381152,-1.21121225795358E-16));
#3788=DIRECTION('',(0.577350269189634,-0.577350269189624,0.57735026918962));
#3789=DIRECTION('',(0.707106781186541,0.707106781186554,0.));
#3790=DIRECTION('',(0.707106781186545,1.23069611928548E-14,-0.70710678118655));
#3791=DIRECTION('',(-0.70710678118655,0.,-0.707106781186545));
#3792=DIRECTION('',(0.,-1.,0.));
#3793=DIRECTION('',(0.706834239853278,0.0277617496219535,-0.706834239853282));
#3794=DIRECTION('',(-0.721994872381152,0.691898406021668,0.));
#3795=DIRECTION('',(0.,0.,-1.));
#3796=DIRECTION('',(-0.691898406021668,-0.721994872381152,0.));
#3797=DIRECTION('',(0.,0.,-1.));
#3798=DIRECTION('',(-1.,0.,0.));
#3799=DIRECTION('',(0.,0.,-1.));
#3800=DIRECTION('',(-1.,0.,0.));
#3801=DIRECTION('',(-0.721994872381152,-0.691898406021668,0.));
#3802=DIRECTION('',(0.,0.,-1.));
#3803=DIRECTION('',(0.691898406021668,-0.721994872381152,-1.21121225795358E-16));
#3804=DIRECTION('',(-0.70710678118655,0.,-0.707106781186545));
#3805=DIRECTION('',(0.,-1.,0.));
#3806=DIRECTION('',(-0.706834239853278,0.027761749621929,0.706834239853283));
#3807=DIRECTION('',(0.592920630900913,-0.568204643981365,0.570603722394162));
#3808=DIRECTION('',(0.693416623789044,0.,-0.720536873347231));
#3809=DIRECTION('',(0.592920630900913,0.568204643981365,-0.570603722394162));
#3810=DIRECTION('',(-0.693416623789044,0.,-0.720536873347231));
#3811=DIRECTION('',(-0.706834239853278,0.0277617496219535,-0.706834239853282));
#3812=DIRECTION('',(-0.691898406021668,0.721994872381152,0.));
#3813=DIRECTION('',(0.592920630900906,-0.568204643981359,-0.570603722394175));
#3814=DIRECTION('',(-0.693416623789056,0.,-0.720536873347219));
#3815=DIRECTION('',(0.691898406021668,0.721994872381152,1.21121225795358E-16));
#3816=DIRECTION('',(0.706834239853278,0.027761749621929,0.706834239853283));
#3817=DIRECTION('',(0.592920630900906,0.568204643981359,0.570603722394175));
#3818=DIRECTION('',(0.693416623789056,0.,-0.720536873347219));
#3819=DIRECTION('',(0.,0.,1.));
#3820=DIRECTION('',(1.,0.,0.));
#3821=DIRECTION('',(-0.721994872381152,-0.691898406021668,0.));
#3822=DIRECTION('',(0.,0.,-1.));
#3823=DIRECTION('',(0.691898406021668,-0.721994872381152,-2.77555756156289E-17));
#3824=DIRECTION('',(0.70710678118655,0.,-0.707106781186545));
#3825=DIRECTION('',(0.,1.,0.));
#3826=DIRECTION('',(0.707106781186545,-1.21701760754476E-14,0.70710678118655));
#3827=DIRECTION('',(0.70710678118655,0.,-0.707106781186545));
#3828=DIRECTION('',(0.,1.,0.));
#3829=DIRECTION('',(-0.707106781186545,-1.23903709934807E-16,-0.70710678118655));
#3830=DIRECTION('',(-0.721994872381152,0.691898406021668,0.));
#3831=DIRECTION('',(0.,0.,-1.));
#3832=DIRECTION('',(-0.691898406021668,-0.721994872381152,1.21121225795358E-16));
#3833=DIRECTION('',(0.,0.,1.));
#3834=DIRECTION('',(1.,0.,0.));
#3835=DIRECTION('',(0.592920630900913,0.568204643981365,0.570603722394162));
#3836=DIRECTION('',(0.693416623789044,0.,-0.720536873347231));
#3837=DIRECTION('',(-0.706834239853278,0.0277617496219535,0.706834239853282));
#3838=DIRECTION('',(0.57735026918962,-0.57735026918963,-0.577350269189627));
#3839=DIRECTION('',(0.,0.707106781186545,-0.70710678118655));
#3840=DIRECTION('',(9.61481343191791E-17,0.707106781186545,-0.70710678118655));
#3841=DIRECTION('',(0.707106781186554,0.707106781186542,0.));
#3842=DIRECTION('',(0.577350269189627,0.577350269189627,-0.577350269189623));
#3843=DIRECTION('',(-0.707106781186548,0.707106781186548,0.));
#3844=DIRECTION('',(0.707106781186547,-0.707106781186547,0.));
#3845=DIRECTION('',(-1.23903709934807E-16,-0.707106781186545,-0.70710678118655));
#3846=DIRECTION('',(0.592920630900906,-0.568204643981359,0.570603722394175));
#3847=DIRECTION('',(0.693416623789056,0.,-0.720536873347219));
#3848=DIRECTION('',(0.706834239853278,0.027761749621929,-0.706834239853283));
#3849=DIRECTION('',(-0.70710678118655,0.,-0.707106781186545));
#3850=DIRECTION('',(0.,-1.,0.));
#3851=DIRECTION('',(0.707106781186545,-1.21701760754476E-14,-0.70710678118655));
#3852=DIRECTION('',(-0.707106781186542,0.707106781186554,0.));
#3853=DIRECTION('',(0.,0.,-1.));
#3854=DIRECTION('',(-0.707106781186554,-0.707106781186542,0.));
#3855=DIRECTION('',(0.,-0.70710678118655,-0.707106781186545));
#3856=DIRECTION('',(1.,0.,0.));
#3857=DIRECTION('',(0.,-0.707106781186545,0.70710678118655));
#3858=DIRECTION('',(0.,-0.70710678118655,0.707106781186545));
#3859=DIRECTION('',(-1.,0.,0.));
#3860=DIRECTION('',(0.,-0.707106781186545,-0.70710678118655));
#3861=DIRECTION('',(0.707106781186548,0.707106781186548,0.));
#3862=DIRECTION('',(0.,0.,1.));
#3863=DIRECTION('',(-0.707106781186547,0.707106781186547,0.));
#3864=DIRECTION('',(-0.70710678118655,0.,-0.707106781186545));
#3865=DIRECTION('',(0.,-1.,0.));
#3866=DIRECTION('',(-0.707106781186545,-1.23903709934807E-16,0.70710678118655));
#3867=DIRECTION('',(0.57735026918962,-0.57735026918963,0.577350269189627));
#3868=DIRECTION('',(0.,-0.707106781186545,-0.70710678118655));
#3869=DIRECTION('',(9.61481343191791E-17,0.707106781186545,0.70710678118655));
#3870=DIRECTION('',(0.577350269189627,-0.577350269189627,-0.577350269189623));
#3871=DIRECTION('',(0.707106781186548,0.707106781186548,0.));
#3872=DIRECTION('',(0.707106781186548,0.707106781186548,0.));
#3873=DIRECTION('',(-0.707106781186545,0.,-0.70710678118655));
#3874=DIRECTION('',(0.577350269189627,0.577350269189627,-0.577350269189623));
#3875=DIRECTION('',(-0.707106781186548,0.707106781186548,0.));
#3876=DIRECTION('',(0.707106781186545,0.,0.70710678118655));
#3877=DIRECTION('',(0.707106781186548,-0.707106781186548,0.));
#3878=DIRECTION('',(0.577350269189627,0.577350269189627,0.577350269189623));
#3879=DIRECTION('',(-0.707106781186548,0.707106781186548,0.));
#3880=DIRECTION('',(-1.23903709934807E-16,-0.707106781186545,0.70710678118655));
#3881=DIRECTION('',(0.,0.70710678118655,-0.707106781186545));
#3882=DIRECTION('',(-1.,0.,0.));
#3883=DIRECTION('',(0.,0.707106781186545,0.70710678118655));
#3884=DIRECTION('',(0.707106781186548,-0.707106781186548,0.));
#3885=DIRECTION('',(0.,0.,1.));
#3886=DIRECTION('',(-0.707106781186548,-0.707106781186548,0.));
#3887=DIRECTION('',(0.70710678118655,0.,-0.707106781186545));
#3888=DIRECTION('',(0.,1.,0.));
#3889=DIRECTION('',(0.650723542795575,0.391302621641032,0.65072354279558));
#3890=DIRECTION('',(0.,0.,-1.));
#3891=DIRECTION('',(-1.,0.,0.));
#3892=DIRECTION('',(0.70710678118655,0.,-0.707106781186545));
#3893=DIRECTION('',(0.,1.,0.));
#3894=DIRECTION('',(-0.650723542795567,0.391302621641061,-0.650723542795571));
#3895=DIRECTION('',(-0.707106781186548,-0.707106781186548,0.));
#3896=DIRECTION('',(0.,0.,-1.));
#3897=DIRECTION('',(-0.707106781186548,0.707106781186548,0.));
#3898=DIRECTION('',(0.,0.70710678118655,0.707106781186545));
#3899=DIRECTION('',(1.,0.,0.));
#3900=DIRECTION('',(0.,0.707106781186545,-0.70710678118655));
#3901=DIRECTION('',(0.577350269189627,-0.577350269189627,0.577350269189623));
#3902=DIRECTION('',(0.707106781186548,0.707106781186548,0.));
#3903=DIRECTION('',(0.707106781186545,0.,-0.70710678118655));
#3904=DIRECTION('',(0.758425568299931,-0.293487533299181,-0.581941341671898));
#3905=DIRECTION('',(-0.608748876295934,0.,-0.793362972168753));
#3906=DIRECTION('',(0.36089083989237,0.932608064345242,2.35429024693466E-15));
#3907=DIRECTION('',(0.758425568299938,0.293487533299179,-0.58194134167189));
#3908=DIRECTION('',(-0.608748876295926,0.,-0.79336297216876));
#3909=DIRECTION('',(-0.360890839892364,0.932608064345245,-9.08409408035126E-17));
#3910=DIRECTION('',(0.577350269189627,0.577350269189627,0.577350269189623));
#3911=DIRECTION('',(-0.707106781186548,0.707106781186548,0.));
#3912=DIRECTION('',(-0.707106781186545,0.,0.70710678118655));
#3913=DIRECTION('',(-0.70710678118655,0.,-0.707106781186545));
#3914=DIRECTION('',(0.,-1.,0.));
#3915=DIRECTION('',(0.650723542795568,0.391302621641056,-0.650723542795572));
#3916=DIRECTION('',(-0.932608064345242,0.36089083989237,0.));
#3917=DIRECTION('',(0.,0.,-1.));
#3918=DIRECTION('',(-0.36089083989237,-0.932608064345242,2.2634493061312E-15));
#3919=DIRECTION('',(-0.932608064345245,-0.360890839892364,0.));
#3920=DIRECTION('',(0.,0.,-1.));
#3921=DIRECTION('',(0.360890839892364,-0.932608064345245,6.30853651878815E-17));
#3922=DIRECTION('',(-0.70710678118655,0.,-0.707106781186545));
#3923=DIRECTION('',(0.,-1.,0.));
#3924=DIRECTION('',(-0.650723542795575,0.391302621641034,0.650723542795579));
#3925=DIRECTION('',(0.758425568299937,-0.293487533299184,0.581941341671889));
#3926=DIRECTION('',(0.608748876295925,0.,-0.79336297216876));
#3927=DIRECTION('',(0.758425568299932,0.293487533299177,0.581941341671899));
#3928=DIRECTION('',(0.608748876295935,0.,-0.793362972168752));
#3929=DIRECTION('',(0.,0.,1.));
#3930=DIRECTION('',(1.,0.,0.));
#3931=DIRECTION('',(0.,0.,-1.));
#3932=DIRECTION('',(-1.,0.,0.));
#3933=DIRECTION('',(0.,0.,1.));
#3934=DIRECTION('',(1.,0.,0.));
#3935=DIRECTION('',(0.,0.,1.));
#3936=DIRECTION('',(1.,0.,0.));
#3937=DIRECTION('',(0.,0.,1.));
#3938=DIRECTION('',(1.,0.,0.));
#3939=DIRECTION('',(0.,0.,1.));
#3940=DIRECTION('',(1.,0.,0.));
#3941=DIRECTION('',(0.,0.,1.));
#3942=DIRECTION('',(1.,0.,0.));
#3943=DIRECTION('',(0.,0.,-1.));
#3944=DIRECTION('',(-1.,0.,0.));
#3945=DIRECTION('',(0.,0.,1.));
#3946=DIRECTION('',(1.,0.,0.));
#3947=DIRECTION('',(0.,0.,1.));
#3948=DIRECTION('',(1.,0.,0.));
#3949=DIRECTION('',(0.,0.,1.));
#3950=DIRECTION('',(1.,0.,0.));
#3951=DIRECTION('',(0.,0.,1.));
#3952=DIRECTION('',(1.,0.,0.));
#3953=DIRECTION('',(0.,0.,1.));
#3954=DIRECTION('',(1.,0.,0.));
#3955=DIRECTION('',(0.,0.,-1.));
#3956=DIRECTION('',(-1.,0.,0.));
#3957=DIRECTION('',(0.,0.,1.));
#3958=DIRECTION('',(1.,0.,0.));
#3959=DIRECTION('',(0.,0.,-1.));
#3960=DIRECTION('',(-1.,0.,0.));
#3961=DIRECTION('',(0.,0.,1.));
#3962=DIRECTION('',(1.,0.,0.));
#3963=DIRECTION('',(0.,0.,1.));
#3964=DIRECTION('',(1.,0.,0.));
#3965=DIRECTION('',(0.,0.,1.));
#3966=DIRECTION('',(1.,0.,0.));
#3967=DIRECTION('',(0.,0.,-1.));
#3968=DIRECTION('',(-1.,0.,0.));
#3969=DIRECTION('',(0.,0.,-1.));
#3970=DIRECTION('',(-1.,0.,0.));
#3971=DIRECTION('',(0.,0.,-1.));
#3972=DIRECTION('',(-1.,0.,0.));
#3973=DIRECTION('',(0.,0.,-1.));
#3974=DIRECTION('',(-1.,0.,0.));
#3975=CARTESIAN_POINT('',(0.,0.,0.));
#3976=CARTESIAN_POINT('',(-6.93889390390723E-18,0.000674999999999988,0.0036));
#3977=CARTESIAN_POINT('',(-0.0298,-0.02225,0.0036));
#3978=CARTESIAN_POINT('',(-0.0298,0.0188458429339988,0.0036));
#3979=CARTESIAN_POINT('',(-0.0298,0.00865415706600121,0.0036));
#3980=CARTESIAN_POINT('',(-0.02715,0.00775,0.0036));
#3981=CARTESIAN_POINT('',(-0.0298,0.00684584293399882,0.0036));
#3982=CARTESIAN_POINT('',(-0.0298,-0.02225,0.0036));
#3983=CARTESIAN_POINT('',(-0.0298,-0.02205,0.0036));
#3984=CARTESIAN_POINT('',(-0.00353750000000027,0.00421250000000019,0.0036));
#3985=CARTESIAN_POINT('',(-0.0302,-0.02245,0.0036));
#3986=CARTESIAN_POINT('',(4.28221948964903E-18,-0.02245,0.0036));
#3987=CARTESIAN_POINT('',(-0.03695,-0.02245,0.0036));
#3988=CARTESIAN_POINT('',(-0.03695,-0.0234,0.0036));
#3989=CARTESIAN_POINT('',(-0.03695,-0.0232078552362227,0.0036));
#3990=CARTESIAN_POINT('',(-0.03715,-0.02575,0.0036));
#3991=CARTESIAN_POINT('',(-0.03695,-0.0282921447637773,0.0036));
#3992=CARTESIAN_POINT('',(-0.03695,-0.02925,0.0036));
#3993=CARTESIAN_POINT('',(-0.03695,-0.02905,0.0036));
#3994=CARTESIAN_POINT('',(-0.013,-0.02905,0.0036));
#3995=CARTESIAN_POINT('',(-0.0132,-0.02905,0.0036));
#3996=CARTESIAN_POINT('',(-0.0132,-0.02,0.0036));
#3997=CARTESIAN_POINT('',(-0.0132,-0.0202,0.0036));
#3998=CARTESIAN_POINT('',(-6.93889390390723E-18,-0.0202,0.0036));
#3999=CARTESIAN_POINT('',(-0.0217,-0.0202,0.0036));
#4000=CARTESIAN_POINT('',(-0.0217,0.000675,0.0036));
#4001=CARTESIAN_POINT('',(-0.0217,0.0202,0.0036));
#4002=CARTESIAN_POINT('',(-0.013,0.0202,0.0036));
#4003=CARTESIAN_POINT('',(-0.0132,0.0202,0.0036));
#4004=CARTESIAN_POINT('',(-0.0132,0.02825,0.0036));
#4005=CARTESIAN_POINT('',(-0.0132,0.02805,0.0036));
#4006=CARTESIAN_POINT('',(-0.0203,0.02805,0.0036));
#4007=CARTESIAN_POINT('',(-0.0201078552362228,0.02805,0.0036));
#4008=CARTESIAN_POINT('',(-0.02265,0.02825,0.0036));
#4009=CARTESIAN_POINT('',(-0.0251921447637772,0.02805,0.0036));
#4010=CARTESIAN_POINT('',(-2.02222659751981E-17,0.02805,0.0036));
#4011=CARTESIAN_POINT('',(-0.03695,0.02805,0.0036));
#4012=CARTESIAN_POINT('',(-0.03695,0.0271,0.0036));
#4013=CARTESIAN_POINT('',(-0.03695,0.0272921447637773,0.0036));
#4014=CARTESIAN_POINT('',(-0.03715,0.02475,0.0036));
#4015=CARTESIAN_POINT('',(-0.03695,0.0222078552362228,0.0036));
#4016=CARTESIAN_POINT('',(-0.03695,0.02125,0.0036));
#4017=CARTESIAN_POINT('',(-0.03695,0.02145,0.0036));
#4018=CARTESIAN_POINT('',(-0.03,0.02145,0.0036));
#4019=CARTESIAN_POINT('',(-0.0302,0.02145,0.0036));
#4020=CARTESIAN_POINT('',(-0.0047125,-0.0040375,0.0036));
#4021=CARTESIAN_POINT('',(-0.0298,0.02105,0.0036));
#4022=CARTESIAN_POINT('',(-0.0298,-0.02225,0.0036));
#4023=CARTESIAN_POINT('',(-0.0298,0.0206541570660013,0.0036));
#4024=CARTESIAN_POINT('',(-0.02715,0.01975,0.0036));
#4025=CARTESIAN_POINT('',(-6.93889390390723E-18,0.000674999999999988,0.0036));
#4026=CARTESIAN_POINT('',(0.0035375,0.0042125,0.0036));
#4027=CARTESIAN_POINT('',(0.0298,-0.02205,0.0036));
#4028=CARTESIAN_POINT('',(0.0302,-0.02245,0.0036));
#4029=CARTESIAN_POINT('',(0.0298,0.000674999999999988,0.0036));
#4030=CARTESIAN_POINT('',(0.0298,0.00557801933710267,0.0036));
#4031=CARTESIAN_POINT('',(0.03215,0.00775,0.0036));
#4032=CARTESIAN_POINT('',(0.0298,0.00992198066289736,0.0036));
#4033=CARTESIAN_POINT('',(0.0298,0.000674999999999988,0.0036));
#4034=CARTESIAN_POINT('',(0.0298,0.02105,0.0036));
#4035=CARTESIAN_POINT('',(0.0047125,-0.0040375,0.0036));
#4036=CARTESIAN_POINT('',(0.0302,0.02145,0.0036));
#4037=CARTESIAN_POINT('',(-6.93889390390723E-18,0.02145,0.0036));
#4038=CARTESIAN_POINT('',(0.03695,0.02145,0.0036));
#4039=CARTESIAN_POINT('',(0.03695,0.000674999999999988,0.0036));
#4040=CARTESIAN_POINT('',(0.03695,0.0222078552362228,0.0036));
#4041=CARTESIAN_POINT('',(0.03715,0.02475,0.0036));
#4042=CARTESIAN_POINT('',(0.03695,0.0272921447637773,0.0036));
#4043=CARTESIAN_POINT('',(0.03695,0.000674999999999988,0.0036));
#4044=CARTESIAN_POINT('',(0.03695,0.02805,0.0036));
#4045=CARTESIAN_POINT('',(0.013,0.02805,0.0036));
#4046=CARTESIAN_POINT('',(0.0132,0.02805,0.0036));
#4047=CARTESIAN_POINT('',(0.0132,0.000674999999999986,0.0036));
#4048=CARTESIAN_POINT('',(0.0132,0.0202,0.0036));
#4049=CARTESIAN_POINT('',(0.0215,0.0202,0.0036));
#4050=CARTESIAN_POINT('',(0.0217,0.0202,0.0036));
#4051=CARTESIAN_POINT('',(0.0217,-0.02,0.0036));
#4052=CARTESIAN_POINT('',(0.0217,-0.0202,0.0036));
#4053=CARTESIAN_POINT('',(-6.93889390390723E-18,-0.0202,0.0036));
#4054=CARTESIAN_POINT('',(0.0132,-0.0202,0.0036));
#4055=CARTESIAN_POINT('',(0.0132,0.000674999999999986,0.0036));
#4056=CARTESIAN_POINT('',(0.0132,-0.02905,0.0036));
#4057=CARTESIAN_POINT('',(0.03715,-0.02905,0.0036));
#4058=CARTESIAN_POINT('',(0.03695,-0.02905,0.0036));
#4059=CARTESIAN_POINT('',(0.03695,0.000674999999999988,0.0036));
#4060=CARTESIAN_POINT('',(0.03695,-0.0282921447637772,0.0036));
#4061=CARTESIAN_POINT('',(0.03715,-0.02575,0.0036));
#4062=CARTESIAN_POINT('',(0.03695,-0.0232078552362227,0.0036));
#4063=CARTESIAN_POINT('',(0.03695,0.000674999999999988,0.0036));
#4064=CARTESIAN_POINT('',(0.03695,-0.02245,0.0036));
#4065=CARTESIAN_POINT('',(0.03,-0.02245,0.0036));
#4066=CARTESIAN_POINT('',(-6.93889390390723E-18,0.000674999999999988,0.));
#4067=CARTESIAN_POINT('',(-0.02715,0.01975,0.));
#4068=CARTESIAN_POINT('',(-0.02625,0.01975,0.));
#4069=CARTESIAN_POINT('',(-0.02715,0.00775,0.));
#4070=CARTESIAN_POINT('',(-0.02625,0.00775,0.));
#4071=CARTESIAN_POINT('',(0.0185,-0.00995,0.));
#4072=CARTESIAN_POINT('',(-0.0187,-0.00995,0.));
#4073=CARTESIAN_POINT('',(0.0187,-0.00995,0.));
#4074=CARTESIAN_POINT('',(0.0187,0.000674999999999988,0.));
#4075=CARTESIAN_POINT('',(0.0187,0.00995,0.));
#4076=CARTESIAN_POINT('',(-6.93889390390723E-18,0.00995,0.));
#4077=CARTESIAN_POINT('',(-0.0187,0.00995,0.));
#4078=CARTESIAN_POINT('',(-0.0187,-0.00975,0.));
#4079=CARTESIAN_POINT('',(0.0298,-0.02205,0.));
#4080=CARTESIAN_POINT('',(0.0302,-0.02245,0.));
#4081=CARTESIAN_POINT('',(0.0298,-0.02205,0.));
#4082=CARTESIAN_POINT('',(-6.93889390390723E-18,-0.02245,0.));
#4083=CARTESIAN_POINT('',(0.03695,-0.02245,0.));
#4084=CARTESIAN_POINT('',(0.03695,-0.0234,0.));
#4085=CARTESIAN_POINT('',(0.03695,-0.0232078552362227,0.));
#4086=CARTESIAN_POINT('',(0.03715,-0.02575,0.));
#4087=CARTESIAN_POINT('',(0.03695,-0.0282921447637772,0.));
#4088=CARTESIAN_POINT('',(0.03695,-0.02925,0.));
#4089=CARTESIAN_POINT('',(0.03695,-0.02905,0.));
#4090=CARTESIAN_POINT('',(-6.93889390390723E-18,-0.02905,0.));
#4091=CARTESIAN_POINT('',(-0.03695,-0.02905,0.));
#4092=CARTESIAN_POINT('',(-0.03695,0.000674999999999988,0.));
#4093=CARTESIAN_POINT('',(-0.03695,-0.0282921447637773,0.));
#4094=CARTESIAN_POINT('',(-0.03715,-0.02575,0.));
#4095=CARTESIAN_POINT('',(-0.03695,-0.0232078552362227,0.));
#4096=CARTESIAN_POINT('',(-0.03695,0.000674999999999988,0.));
#4097=CARTESIAN_POINT('',(-0.03695,-0.02245,0.));
#4098=CARTESIAN_POINT('',(-0.03,-0.02245,0.));
#4099=CARTESIAN_POINT('',(-0.0302,-0.02245,0.));
#4100=CARTESIAN_POINT('',(-0.0302,-0.02245,0.));
#4101=CARTESIAN_POINT('',(-0.0298,-0.02205,0.));
#4102=CARTESIAN_POINT('',(-0.0298,0.000674999999999988,0.));
#4103=CARTESIAN_POINT('',(-0.0298,0.02105,0.));
#4104=CARTESIAN_POINT('',(-0.0298,0.02105,0.));
#4105=CARTESIAN_POINT('',(-0.0302,0.02145,0.));
#4106=CARTESIAN_POINT('',(-1.70196995580102E-17,0.02145,0.));
#4107=CARTESIAN_POINT('',(-0.03695,0.02145,0.));
#4108=CARTESIAN_POINT('',(-0.03695,0.000674999999999988,0.));
#4109=CARTESIAN_POINT('',(-0.03695,0.0222078552362228,0.));
#4110=CARTESIAN_POINT('',(-0.03715,0.02475,0.));
#4111=CARTESIAN_POINT('',(-0.03695,0.0272921447637773,0.));
#4112=CARTESIAN_POINT('',(-0.03695,0.000674999999999988,0.));
#4113=CARTESIAN_POINT('',(-0.03695,0.02805,0.));
#4114=CARTESIAN_POINT('',(-0.025,0.02805,0.));
#4115=CARTESIAN_POINT('',(-0.0251921447637772,0.02805,0.));
#4116=CARTESIAN_POINT('',(-0.02265,0.02825,0.));
#4117=CARTESIAN_POINT('',(-0.0201078552362228,0.02805,0.));
#4118=CARTESIAN_POINT('',(-6.93889390390723E-18,0.02805,0.));
#4119=CARTESIAN_POINT('',(0.03695,0.02805,0.));
#4120=CARTESIAN_POINT('',(0.03695,0.0271,0.));
#4121=CARTESIAN_POINT('',(0.03695,0.0272921447637773,0.));
#4122=CARTESIAN_POINT('',(0.03715,0.02475,0.));
#4123=CARTESIAN_POINT('',(0.03695,0.0222078552362228,0.));
#4124=CARTESIAN_POINT('',(0.03695,0.02125,0.));
#4125=CARTESIAN_POINT('',(0.03695,0.02145,0.));
#4126=CARTESIAN_POINT('',(0.03,0.02145,0.));
#4127=CARTESIAN_POINT('',(0.0302,0.02145,0.));
#4128=CARTESIAN_POINT('',(0.0302,0.02145,0.));
#4129=CARTESIAN_POINT('',(0.0298,0.02105,0.));
#4130=CARTESIAN_POINT('',(0.0298,0.00984224759529077,0.));
#4131=CARTESIAN_POINT('',(0.0298,0.00992198066289736,0.));
#4132=CARTESIAN_POINT('',(0.03215,0.00775,0.));
#4133=CARTESIAN_POINT('',(0.0298,0.00557801933710267,0.));
#4134=CARTESIAN_POINT('',(0.0298,-0.02225,0.));
#4135=CARTESIAN_POINT('',(3.46944695195361E-18,0.02,0.0036));
#4136=CARTESIAN_POINT('',(0.0215,0.02,0.0036));
#4137=CARTESIAN_POINT('',(0.0215,0.02,0.0034));
#4138=CARTESIAN_POINT('',(0.0215,0.02,0.0004));
#4139=CARTESIAN_POINT('',(0.013,0.02,0.0034));
#4140=CARTESIAN_POINT('',(0.013,0.02,0.0034));
#4141=CARTESIAN_POINT('',(0.013,0.02,0.0036));
#4142=CARTESIAN_POINT('',(0.013,0.02,0.0004));
#4143=CARTESIAN_POINT('',(3.46944695195361E-18,0.02,0.0004));
#4144=CARTESIAN_POINT('',(1.7347234759768E-18,-0.02925,0.0036));
#4145=CARTESIAN_POINT('',(0.03695,-0.02925,0.0036));
#4146=CARTESIAN_POINT('',(0.03695,-0.02925,0.0002));
#4147=CARTESIAN_POINT('',(0.03695,-0.02925,0.0034));
#4148=CARTESIAN_POINT('',(0.013,-0.02925,0.0034));
#4149=CARTESIAN_POINT('',(0.013,-0.02925,0.0034));
#4150=CARTESIAN_POINT('',(0.013,-0.02925,0.0036));
#4151=CARTESIAN_POINT('',(0.013,-0.02925,0.0004));
#4152=CARTESIAN_POINT('',(1.7347234759768E-18,-0.02925,0.0004));
#4153=CARTESIAN_POINT('',(-0.013,-0.02925,0.0004));
#4154=CARTESIAN_POINT('',(-0.013,-0.02925,0.0036));
#4155=CARTESIAN_POINT('',(-0.013,-0.02925,0.0034));
#4156=CARTESIAN_POINT('',(-0.03715,-0.02925,0.0034));
#4157=CARTESIAN_POINT('',(-0.03695,-0.02925,0.0034));
#4158=CARTESIAN_POINT('',(-0.03695,-0.02925,0.0036));
#4159=CARTESIAN_POINT('',(-0.03695,-0.02925,0.0002));
#4160=CARTESIAN_POINT('',(1.7347234759768E-18,-0.02925,0.0002));
#4161=CARTESIAN_POINT('',(0.033575,0.02825,0.0036));
#4162=CARTESIAN_POINT('',(-0.0201,0.02825,0.0036));
#4163=CARTESIAN_POINT('',(-0.0201,0.02825,0.0002));
#4164=CARTESIAN_POINT('',(-0.0201,0.02825,0.0034));
#4165=CARTESIAN_POINT('',(-0.013,0.02825,0.0034));
#4166=CARTESIAN_POINT('',(-0.013,0.02825,0.0034));
#4167=CARTESIAN_POINT('',(-0.013,0.02825,0.0036));
#4168=CARTESIAN_POINT('',(-0.013,0.02825,0.0004));
#4169=CARTESIAN_POINT('',(0.033575,0.02825,0.0004));
#4170=CARTESIAN_POINT('',(0.013,0.02825,0.0004));
#4171=CARTESIAN_POINT('',(0.013,0.02825,0.0036));
#4172=CARTESIAN_POINT('',(0.013,0.02825,0.0034));
#4173=CARTESIAN_POINT('',(0.03715,0.02825,0.0034));
#4174=CARTESIAN_POINT('',(0.03695,0.02825,0.0034));
#4175=CARTESIAN_POINT('',(0.03695,0.02825,0.));
#4176=CARTESIAN_POINT('',(0.03695,0.02825,0.0002));
#4177=CARTESIAN_POINT('',(0.033575,0.02825,0.0002));
#4178=CARTESIAN_POINT('',(0.,-0.02,0.0036));
#4179=CARTESIAN_POINT('',(0.013,-0.02,0.0036));
#4180=CARTESIAN_POINT('',(0.013,-0.02,0.0004));
#4181=CARTESIAN_POINT('',(0.013,-0.02,0.0034));
#4182=CARTESIAN_POINT('',(0.,-0.02,0.0034));
#4183=CARTESIAN_POINT('',(0.0215,-0.02,0.0034));
#4184=CARTESIAN_POINT('',(0.0215,-0.02,0.0036));
#4185=CARTESIAN_POINT('',(0.0215,-0.02,0.0004));
#4186=CARTESIAN_POINT('',(0.,-0.02,0.0004));
#4187=CARTESIAN_POINT('',(-0.0215,-0.003125,0.0036));
#4188=CARTESIAN_POINT('',(-0.0215,0.02,0.0036));
#4189=CARTESIAN_POINT('',(-0.0215,0.02,0.0034));
#4190=CARTESIAN_POINT('',(-0.0215,0.02,0.0004));
#4191=CARTESIAN_POINT('',(-0.0215,-0.003125,0.0034));
#4192=CARTESIAN_POINT('',(-0.0215,-0.02,0.0034));
#4193=CARTESIAN_POINT('',(-0.0215,-0.02,0.0036));
#4194=CARTESIAN_POINT('',(-0.0215,-0.02,0.0004));
#4195=CARTESIAN_POINT('',(-0.0215,-0.003125,0.0004));
#4196=CARTESIAN_POINT('',(3.46944695195361E-18,0.02,0.0036));
#4197=CARTESIAN_POINT('',(-0.013,0.02,0.0036));
#4198=CARTESIAN_POINT('',(-0.013,0.02,0.0004));
#4199=CARTESIAN_POINT('',(-0.013,0.02,0.0034));
#4200=CARTESIAN_POINT('',(-0.0215,0.02,0.0034));
#4201=CARTESIAN_POINT('',(3.46944695195361E-18,0.02,0.0004));
#4202=CARTESIAN_POINT('',(0.0215,-0.003125,0.0036));
#4203=CARTESIAN_POINT('',(0.0215,0.02,0.0034));
#4204=CARTESIAN_POINT('',(0.0215,-0.003125,0.0004));
#4205=CARTESIAN_POINT('',(-0.033575,0.02825,0.0036));
#4206=CARTESIAN_POINT('',(-0.033575,0.02825,0.0034));
#4207=CARTESIAN_POINT('',(-0.03695,0.02825,0.0034));
#4208=CARTESIAN_POINT('',(-0.0252,0.02825,0.0034));
#4209=CARTESIAN_POINT('',(-0.0252,0.02825,0.0036));
#4210=CARTESIAN_POINT('',(-0.0252,0.02825,0.0002));
#4211=CARTESIAN_POINT('',(-0.03715,0.02825,0.0002));
#4212=CARTESIAN_POINT('',(-0.03695,0.02825,0.0002));
#4213=CARTESIAN_POINT('',(-0.03695,0.02825,0.0036));
#4214=CARTESIAN_POINT('',(-0.03715,0.027675,0.0036));
#4215=CARTESIAN_POINT('',(-0.03715,0.027675,0.0002));
#4216=CARTESIAN_POINT('',(-0.03715,0.02805,0.0002));
#4217=CARTESIAN_POINT('',(-0.03715,0.0273,0.0002));
#4218=CARTESIAN_POINT('',(-0.03715,0.0273,0.0036));
#4219=CARTESIAN_POINT('',(-0.03715,0.0273,0.0034));
#4220=CARTESIAN_POINT('',(-0.03715,0.02825,0.0034));
#4221=CARTESIAN_POINT('',(-0.03715,0.02805,0.0034));
#4222=CARTESIAN_POINT('',(-0.03715,0.02805,0.));
#4223=CARTESIAN_POINT('',(-0.03715,0.02475,0.0036));
#4224=CARTESIAN_POINT('',(-0.03715,0.02475,0.0002));
#4225=CARTESIAN_POINT('',(-0.0369501811594575,0.0270914893617022,0.0002));
#4226=CARTESIAN_POINT('',(-0.0369501811594575,0.0224085106382979,0.0002));
#4227=CARTESIAN_POINT('',(-0.0369501811594575,0.0224085106382979,0.0036));
#4228=CARTESIAN_POINT('',(-0.0369501811594575,0.0224085106382979,0.0034));
#4229=CARTESIAN_POINT('',(-0.03715,0.02475,0.0034));
#4230=CARTESIAN_POINT('',(-0.0369501811594575,0.0270914893617022,0.0034));
#4231=CARTESIAN_POINT('',(-0.0369501811594575,0.0270914893617022,0.0036));
#4232=CARTESIAN_POINT('',(-0.03715,0.021825,0.0036));
#4233=CARTESIAN_POINT('',(-0.03715,0.0224,0.0034));
#4234=CARTESIAN_POINT('',(-0.03715,0.02145,0.0034));
#4235=CARTESIAN_POINT('',(-0.03715,0.0222,0.0034));
#4236=CARTESIAN_POINT('',(-0.03715,0.0222,0.));
#4237=CARTESIAN_POINT('',(-0.03715,0.0222,0.0002));
#4238=CARTESIAN_POINT('',(-0.03715,0.021825,0.0002));
#4239=CARTESIAN_POINT('',(-0.03715,0.02145,0.0002));
#4240=CARTESIAN_POINT('',(-0.03715,0.02145,0.0036));
#4241=CARTESIAN_POINT('',(-0.033575,0.02125,0.0036));
#4242=CARTESIAN_POINT('',(-0.033575,0.02125,0.0002));
#4243=CARTESIAN_POINT('',(-0.03695,0.02125,0.0002));
#4244=CARTESIAN_POINT('',(-0.0302,0.02125,0.0002));
#4245=CARTESIAN_POINT('',(-0.0302,0.02125,0.0036));
#4246=CARTESIAN_POINT('',(-0.0302,0.02125,0.0034));
#4247=CARTESIAN_POINT('',(-0.03715,0.02125,0.0034));
#4248=CARTESIAN_POINT('',(-0.03695,0.02125,0.0034));
#4249=CARTESIAN_POINT('',(-0.03695,0.02125,0.0036));
#4250=CARTESIAN_POINT('',(-0.03,-0.000500000000000014,0.0036));
#4251=CARTESIAN_POINT('',(-0.03,-0.000500000000000014,0.0002));
#4252=CARTESIAN_POINT('',(-0.03,0.02105,0.0002));
#4253=CARTESIAN_POINT('',(-0.03,-0.02205,0.0002));
#4254=CARTESIAN_POINT('',(-0.03,-0.02205,0.0036));
#4255=CARTESIAN_POINT('',(-0.03,-0.02205,0.0034));
#4256=CARTESIAN_POINT('',(-0.03,0.02125,0.0034));
#4257=CARTESIAN_POINT('',(-0.03,0.02105,0.0034));
#4258=CARTESIAN_POINT('',(-0.03,0.02105,0.));
#4259=CARTESIAN_POINT('',(-0.033575,-0.02225,0.0036));
#4260=CARTESIAN_POINT('',(-0.033575,-0.02225,0.0034));
#4261=CARTESIAN_POINT('',(-0.03695,-0.02225,0.0034));
#4262=CARTESIAN_POINT('',(-0.0302,-0.02225,0.0034));
#4263=CARTESIAN_POINT('',(-0.0302,-0.02225,0.0036));
#4264=CARTESIAN_POINT('',(-0.0302,-0.02225,0.0002));
#4265=CARTESIAN_POINT('',(-0.03715,-0.02225,0.0002));
#4266=CARTESIAN_POINT('',(-0.03695,-0.02225,0.0002));
#4267=CARTESIAN_POINT('',(-0.03695,-0.02225,0.0036));
#4268=CARTESIAN_POINT('',(-0.03715,-0.022825,0.0036));
#4269=CARTESIAN_POINT('',(-0.03715,-0.022825,0.0002));
#4270=CARTESIAN_POINT('',(-0.03715,-0.02245,0.0002));
#4271=CARTESIAN_POINT('',(-0.03715,-0.0232,0.0002));
#4272=CARTESIAN_POINT('',(-0.03715,-0.0232,0.0036));
#4273=CARTESIAN_POINT('',(-0.03715,-0.0232,0.0034));
#4274=CARTESIAN_POINT('',(-0.03715,-0.02225,0.0034));
#4275=CARTESIAN_POINT('',(-0.03715,-0.02245,0.0034));
#4276=CARTESIAN_POINT('',(-0.03715,-0.02245,0.));
#4277=CARTESIAN_POINT('',(-0.03715,-0.02575,0.0036));
#4278=CARTESIAN_POINT('',(-0.03715,-0.02575,0.0002));
#4279=CARTESIAN_POINT('',(-0.0369501811594575,-0.0234085106382979,0.0002));
#4280=CARTESIAN_POINT('',(-0.0369501811594575,-0.0280914893617022,0.0002));
#4281=CARTESIAN_POINT('',(-0.0369501811594575,-0.0280914893617022,0.0036));
#4282=CARTESIAN_POINT('',(-0.0369501811594575,-0.0280914893617022,0.0034));
#4283=CARTESIAN_POINT('',(-0.03715,-0.02575,0.0034));
#4284=CARTESIAN_POINT('',(-0.0369501811594575,-0.0234085106382979,0.0034));
#4285=CARTESIAN_POINT('',(-0.0369501811594575,-0.0234085106382979,0.0036));
#4286=CARTESIAN_POINT('',(-0.03715,-0.028675,0.0036));
#4287=CARTESIAN_POINT('',(-0.03715,-0.0281,0.0034));
#4288=CARTESIAN_POINT('',(-0.03715,-0.02905,0.0034));
#4289=CARTESIAN_POINT('',(-0.03715,-0.0283,0.0034));
#4290=CARTESIAN_POINT('',(-0.03715,-0.0283,0.));
#4291=CARTESIAN_POINT('',(-0.03715,-0.0283,0.0002));
#4292=CARTESIAN_POINT('',(-0.03715,-0.028675,0.0002));
#4293=CARTESIAN_POINT('',(-0.03715,-0.02905,0.0002));
#4294=CARTESIAN_POINT('',(-0.03715,-0.02905,0.0036));
#4295=CARTESIAN_POINT('',(0.03715,-0.028675,0.0036));
#4296=CARTESIAN_POINT('',(0.03715,-0.0281,0.0002));
#4297=CARTESIAN_POINT('',(0.03715,-0.02905,0.0002));
#4298=CARTESIAN_POINT('',(0.03715,-0.0283,0.0002));
#4299=CARTESIAN_POINT('',(0.03715,-0.0283,0.0036));
#4300=CARTESIAN_POINT('',(0.03715,-0.0283,0.0034));
#4301=CARTESIAN_POINT('',(0.03715,-0.028675,0.0034));
#4302=CARTESIAN_POINT('',(0.03715,-0.02905,0.0034));
#4303=CARTESIAN_POINT('',(0.03715,-0.02905,0.));
#4304=CARTESIAN_POINT('',(0.03715,-0.02575,0.0036));
#4305=CARTESIAN_POINT('',(0.03715,-0.02575,0.0034));
#4306=CARTESIAN_POINT('',(0.0369501811594575,-0.0234085106382979,0.0034));
#4307=CARTESIAN_POINT('',(0.0369501811594575,-0.0280914893617021,0.0034));
#4308=CARTESIAN_POINT('',(0.0369501811594575,-0.0280914893617021,0.0036));
#4309=CARTESIAN_POINT('',(0.0369501811594575,-0.0280914893617021,0.0002));
#4310=CARTESIAN_POINT('',(0.03715,-0.02575,0.0002));
#4311=CARTESIAN_POINT('',(0.0369501811594575,-0.0234085106382979,0.0002));
#4312=CARTESIAN_POINT('',(0.0369501811594575,-0.0234085106382979,0.0036));
#4313=CARTESIAN_POINT('',(0.03715,-0.022825,0.0036));
#4314=CARTESIAN_POINT('',(0.03715,-0.022825,0.0034));
#4315=CARTESIAN_POINT('',(0.03715,-0.02245,0.0034));
#4316=CARTESIAN_POINT('',(0.03715,-0.0232,0.0034));
#4317=CARTESIAN_POINT('',(0.03715,-0.0232,0.0036));
#4318=CARTESIAN_POINT('',(0.03715,-0.0232,0.0002));
#4319=CARTESIAN_POINT('',(0.03715,-0.02225,0.0002));
#4320=CARTESIAN_POINT('',(0.03715,-0.02245,0.0002));
#4321=CARTESIAN_POINT('',(0.03715,-0.02245,0.0036));
#4322=CARTESIAN_POINT('',(0.033575,-0.02225,0.0036));
#4323=CARTESIAN_POINT('',(0.033575,-0.02225,0.0002));
#4324=CARTESIAN_POINT('',(0.03695,-0.02225,0.0002));
#4325=CARTESIAN_POINT('',(0.0302,-0.02225,0.0002));
#4326=CARTESIAN_POINT('',(0.0302,-0.02225,0.0036));
#4327=CARTESIAN_POINT('',(0.0302,-0.02225,0.0034));
#4328=CARTESIAN_POINT('',(0.03715,-0.02225,0.0034));
#4329=CARTESIAN_POINT('',(0.03695,-0.02225,0.0034));
#4330=CARTESIAN_POINT('',(0.03695,-0.02225,0.));
#4331=CARTESIAN_POINT('',(0.03,-0.00829612379764538,0.0036));
#4332=CARTESIAN_POINT('',(0.03,0.00565775240470925,0.0002));
#4333=CARTESIAN_POINT('',(0.03,-0.02205,0.0002));
#4334=CARTESIAN_POINT('',(0.03,0.00545775240470924,0.0002));
#4335=CARTESIAN_POINT('',(0.03,0.00545775240470924,0.0036));
#4336=CARTESIAN_POINT('',(0.03,0.00545775240470924,0.0034));
#4337=CARTESIAN_POINT('',(0.03,-0.00829612379764538,0.0034));
#4338=CARTESIAN_POINT('',(0.03,-0.02205,0.0034));
#4339=CARTESIAN_POINT('',(0.03,-0.02205,0.0036));
#4340=CARTESIAN_POINT('',(0.03215,0.00775,0.0036));
#4341=CARTESIAN_POINT('',(0.03215,0.00775,0.0034));
#4342=CARTESIAN_POINT('',(0.0298653721169472,0.00969434447461806,0.0034));
#4343=CARTESIAN_POINT('',(0.0298653721169472,0.00580565552538196,0.0034));
#4344=CARTESIAN_POINT('',(0.0298653721169472,0.00580565552538196,0.0036));
#4345=CARTESIAN_POINT('',(0.0298653721169472,0.00580565552538196,0.0002));
#4346=CARTESIAN_POINT('',(0.03215,0.00775,0.0002));
#4347=CARTESIAN_POINT('',(0.0298653721169472,0.00969434447461806,0.0002));
#4348=CARTESIAN_POINT('',(0.0298653721169472,0.00969434447461806,0.0036));
#4349=CARTESIAN_POINT('',(0.03,0.0155461237976454,0.0036));
#4350=CARTESIAN_POINT('',(0.03,0.0155461237976454,0.0034));
#4351=CARTESIAN_POINT('',(0.03,0.02105,0.0034));
#4352=CARTESIAN_POINT('',(0.03,0.0100422475952908,0.0034));
#4353=CARTESIAN_POINT('',(0.03,0.0100422475952908,0.0036));
#4354=CARTESIAN_POINT('',(0.03,0.0100422475952908,0.0002));
#4355=CARTESIAN_POINT('',(0.03,0.02125,0.0002));
#4356=CARTESIAN_POINT('',(0.03,0.02105,0.0002));
#4357=CARTESIAN_POINT('',(0.03,0.02105,0.0036));
#4358=CARTESIAN_POINT('',(0.033575,0.02125,0.0036));
#4359=CARTESIAN_POINT('',(0.033575,0.02125,0.0034));
#4360=CARTESIAN_POINT('',(0.03695,0.02125,0.0034));
#4361=CARTESIAN_POINT('',(0.0302,0.02125,0.0034));
#4362=CARTESIAN_POINT('',(0.0302,0.02125,0.));
#4363=CARTESIAN_POINT('',(0.0302,0.02125,0.0002));
#4364=CARTESIAN_POINT('',(0.03715,0.02125,0.0002));
#4365=CARTESIAN_POINT('',(0.03695,0.02125,0.0002));
#4366=CARTESIAN_POINT('',(0.03695,0.02125,0.0036));
#4367=CARTESIAN_POINT('',(0.03715,0.021825,0.0036));
#4368=CARTESIAN_POINT('',(0.03715,0.0224,0.0002));
#4369=CARTESIAN_POINT('',(0.03715,0.02145,0.0002));
#4370=CARTESIAN_POINT('',(0.03715,0.0222,0.0002));
#4371=CARTESIAN_POINT('',(0.03715,0.0222,0.0036));
#4372=CARTESIAN_POINT('',(0.03715,0.0222,0.0034));
#4373=CARTESIAN_POINT('',(0.03715,0.021825,0.0034));
#4374=CARTESIAN_POINT('',(0.03715,0.02145,0.0034));
#4375=CARTESIAN_POINT('',(0.03715,0.02145,0.0036));
#4376=CARTESIAN_POINT('',(0.03715,0.02475,0.0036));
#4377=CARTESIAN_POINT('',(0.03715,0.02475,0.0034));
#4378=CARTESIAN_POINT('',(0.0369501811594575,0.0270914893617022,0.0034));
#4379=CARTESIAN_POINT('',(0.0369501811594575,0.0224085106382979,0.0034));
#4380=CARTESIAN_POINT('',(0.0369501811594575,0.0224085106382979,0.0036));
#4381=CARTESIAN_POINT('',(0.0369501811594575,0.0224085106382979,0.0002));
#4382=CARTESIAN_POINT('',(0.03715,0.02475,0.0002));
#4383=CARTESIAN_POINT('',(0.0369501811594575,0.0270914893617022,0.0002));
#4384=CARTESIAN_POINT('',(0.0369501811594575,0.0270914893617022,0.0036));
#4385=CARTESIAN_POINT('',(0.03715,0.027675,0.0036));
#4386=CARTESIAN_POINT('',(0.03715,0.027675,0.0034));
#4387=CARTESIAN_POINT('',(0.03715,0.02805,0.0034));
#4388=CARTESIAN_POINT('',(0.03715,0.0273,0.0034));
#4389=CARTESIAN_POINT('',(0.03715,0.0273,0.0036));
#4390=CARTESIAN_POINT('',(0.03715,0.0273,0.0002));
#4391=CARTESIAN_POINT('',(0.03715,0.02825,0.0002));
#4392=CARTESIAN_POINT('',(0.03715,0.02805,0.0002));
#4393=CARTESIAN_POINT('',(0.03715,0.02805,0.0036));
#4394=CARTESIAN_POINT('',(-0.02265,0.02825,0.0036));
#4395=CARTESIAN_POINT('',(-0.02265,0.02825,0.0034));
#4396=CARTESIAN_POINT('',(-0.0249914893617021,0.0280501811594574,0.0034));
#4397=CARTESIAN_POINT('',(-0.0203085106382978,0.0280501811594574,0.0034));
#4398=CARTESIAN_POINT('',(-0.0203085106382978,0.0280501811594574,0.0036));
#4399=CARTESIAN_POINT('',(-0.0203085106382978,0.0280501811594574,0.0002));
#4400=CARTESIAN_POINT('',(-0.02265,0.02825,0.0002));
#4401=CARTESIAN_POINT('',(-0.0249914893617021,0.0280501811594574,0.0002));
#4402=CARTESIAN_POINT('',(-0.0249914893617021,0.0280501811594574,0.0036));
#4403=CARTESIAN_POINT('',(0.,-0.02,0.0036));
#4404=CARTESIAN_POINT('',(0.,-0.02,0.0034));
#4405=CARTESIAN_POINT('',(-0.013,-0.02,0.0034));
#4406=CARTESIAN_POINT('',(-0.013,-0.02,0.0036));
#4407=CARTESIAN_POINT('',(-0.013,-0.02,0.0004));
#4408=CARTESIAN_POINT('',(0.,-0.02,0.0004));
#4409=CARTESIAN_POINT('',(-0.0185,8.67361737988404E-19,0.0004));
#4410=CARTESIAN_POINT('',(-0.0185,-0.00975,0.0004));
#4411=CARTESIAN_POINT('',(-0.0185,-0.00975,0.0004));
#4412=CARTESIAN_POINT('',(-0.0185,-0.00975,0.0002));
#4413=CARTESIAN_POINT('',(-0.0185,0.00975,0.0002));
#4414=CARTESIAN_POINT('',(-0.0185,0.00975,0.0002));
#4415=CARTESIAN_POINT('',(-0.0185,0.00975,0.0004));
#4416=CARTESIAN_POINT('',(-0.0185,0.00975,0.0004));
#4417=CARTESIAN_POINT('',(-0.0185,8.67361737988404E-19,0.0004));
#4418=CARTESIAN_POINT('',(-3.46944695195361E-18,0.00975,0.0004));
#4419=CARTESIAN_POINT('',(-3.46944695195361E-18,0.00975,0.0002));
#4420=CARTESIAN_POINT('',(0.0185,0.00975,0.0002));
#4421=CARTESIAN_POINT('',(0.0185,0.00975,0.0004));
#4422=CARTESIAN_POINT('',(0.0185,0.00975,0.0004));
#4423=CARTESIAN_POINT('',(-3.46944695195361E-18,0.00975,0.0004));
#4424=CARTESIAN_POINT('',(0.0185,2.60208521396521E-18,0.0004));
#4425=CARTESIAN_POINT('',(0.0185,2.60208521396521E-18,0.0002));
#4426=CARTESIAN_POINT('',(0.0185,-0.00975,0.0002));
#4427=CARTESIAN_POINT('',(0.0185,-0.00975,0.0004));
#4428=CARTESIAN_POINT('',(0.0185,-0.00975,0.0004));
#4429=CARTESIAN_POINT('',(0.0185,2.60208521396521E-18,0.0004));
#4430=CARTESIAN_POINT('',(0.,-0.00975,0.0004));
#4431=CARTESIAN_POINT('',(-0.0185,-0.00975,0.0002));
#4432=CARTESIAN_POINT('',(0.,-0.00975,0.0004));
#4433=CARTESIAN_POINT('',(-6.93889390390723E-18,0.000674999999999988,0.0004));
#4434=CARTESIAN_POINT('',(-0.013,0.,0.0004));
#4435=CARTESIAN_POINT('',(0.013,0.,0.0004));
#4436=CARTESIAN_POINT('',(0.013,0.,0.0004));
#4437=CARTESIAN_POINT('',(-0.013,0.,0.0004));
#4438=CARTESIAN_POINT('',(0.013,0.,0.000398));
#4439=CARTESIAN_POINT('',(0.013,0.,0.0034));
#4440=CARTESIAN_POINT('',(-0.013,0.,0.000398));
#4441=CARTESIAN_POINT('',(-0.013,-0.02925,0.0034));
#4442=CARTESIAN_POINT('',(0.013,0.,0.000398));
#4443=CARTESIAN_POINT('',(0.013,0.,0.0034));
#4444=CARTESIAN_POINT('',(-0.013,0.,0.000398));
#4445=CARTESIAN_POINT('',(-0.013,0.02,0.0034));
#4446=CARTESIAN_POINT('',(-0.0187,0.000674999999999988,0.));
#4447=CARTESIAN_POINT('',(-0.0151583333333334,-0.00640833333333331,0.00354166666666668));
#4448=CARTESIAN_POINT('',(-0.0123333333333334,0.00358333333333334,0.00636666666666664));
#4449=CARTESIAN_POINT('',(-3.46944695195361E-18,0.00975,0.0002));
#4450=CARTESIAN_POINT('',(0.01525,0.0065,0.00345));
#4451=CARTESIAN_POINT('',(-6.93889390390723E-18,-0.00995,0.));
#4452=CARTESIAN_POINT('',(0.01525,-0.0065,0.00345));
#4453=CARTESIAN_POINT('',(0.0185,2.60208521396521E-18,0.0002));
#4454=CARTESIAN_POINT('',(-1.70196995580102E-17,0.02145,0.0036));
#4455=CARTESIAN_POINT('',(-0.03695,0.02145,0.0036));
#4456=CARTESIAN_POINT('',(-0.0302,0.02145,0.0036));
#4457=CARTESIAN_POINT('',(-0.03695,0.02145,0.0036));
#4458=CARTESIAN_POINT('',(-0.03705,0.02135,0.0034));
#4459=CARTESIAN_POINT('',(-0.03695,0.02145,0.0036));
#4460=CARTESIAN_POINT('',(-0.0302,0.02125,0.0034));
#4461=CARTESIAN_POINT('',(-0.03,0.02105,0.0034));
#4462=CARTESIAN_POINT('',(-0.03,0.02105,0.0034));
#4463=CARTESIAN_POINT('',(-0.03695,0.000674999999999988,0.0036));
#4464=CARTESIAN_POINT('',(-0.03715,0.0222,0.0034));
#4465=CARTESIAN_POINT('',(-0.03695,0.02125,0.0036));
#4466=CARTESIAN_POINT('',(-0.03715,0.02145,0.0002));
#4467=CARTESIAN_POINT('',(-0.033575,0.02125,0.0002));
#4468=CARTESIAN_POINT('',(-0.0302,0.02125,0.0002));
#4469=CARTESIAN_POINT('',(-0.03695,0.02135,0.000100000000000006));
#4470=CARTESIAN_POINT('',(-0.03,0.02105,0.0036));
#4471=CARTESIAN_POINT('',(-0.03,0.02105,0.0002));
#4472=CARTESIAN_POINT('',(-0.0298,0.000674999999999988,0.0036));
#4473=CARTESIAN_POINT('',(-0.0298,-0.02205,0.0036));
#4474=CARTESIAN_POINT('',(-0.0298,0.00684584293399882,0.0036));
#4475=CARTESIAN_POINT('',(-0.0296999437700845,0.00686244230047141,0.00370005622991554));
#4476=CARTESIAN_POINT('',(-0.0295999404623024,0.00687948805356595,0.00380005953769761));
#4477=CARTESIAN_POINT('',(-0.0294999999999996,0.00689706389453399,0.00390000000000042));
#4478=CARTESIAN_POINT('',(-0.0295,0.00689706389453813,0.00389999999999984));
#4479=CARTESIAN_POINT('',(-0.02715,0.00775,0.00625));
#4480=CARTESIAN_POINT('',(-0.0295,0.0086029361054619,0.00389999999999984));
#4481=CARTESIAN_POINT('',(-0.0295,0.00860293610546219,0.00389999999999995));
#4482=CARTESIAN_POINT('',(-0.0295999469343097,0.00862051308461744,0.00380005306569032));
#4483=CARTESIAN_POINT('',(-0.029699949888831,0.00863755871463099,0.00370005011116901));
#4484=CARTESIAN_POINT('',(-0.0298,0.00865415706600121,0.0036));
#4485=CARTESIAN_POINT('',(-0.0298,0.0188458429339988,0.0036));
#4486=CARTESIAN_POINT('',(-0.0296999437700845,0.0188624423004714,0.00370005622991554));
#4487=CARTESIAN_POINT('',(-0.0295999404623024,0.018879488053566,0.0038000595376976));
#4488=CARTESIAN_POINT('',(-0.0294999999999996,0.018897063894534,0.00390000000000041));
#4489=CARTESIAN_POINT('',(-0.0295,0.0188970638945381,0.00389999999999984));
#4490=CARTESIAN_POINT('',(-0.02715,0.01975,0.00625));
#4491=CARTESIAN_POINT('',(-0.0295,0.0206029361054619,0.00389999999999984));
#4492=CARTESIAN_POINT('',(-0.0295000000000001,0.0206029361054622,0.00389999999999995));
#4493=CARTESIAN_POINT('',(-0.0295999469343097,0.0206205130846174,0.00380005306569032));
#4494=CARTESIAN_POINT('',(-0.029699949888831,0.020637558714631,0.00370005011116901));
#4495=CARTESIAN_POINT('',(-0.0298,0.0206541570660013,0.0036));
#4496=CARTESIAN_POINT('',(-0.03715,0.0222,0.0034));
#4497=CARTESIAN_POINT('',(-0.03715,0.0222,0.0034));
#4498=CARTESIAN_POINT('',(-0.03695,0.0222078552362228,0.0036));
#4499=CARTESIAN_POINT('',(-0.0369500782430867,0.0222747310803571,0.00353332402917395));
#4500=CARTESIAN_POINT('',(-0.0369501402889518,0.0223416153510906,0.0034666564978898));
#4501=CARTESIAN_POINT('',(-0.0369501811594575,0.0224085106382979,0.0034));
#4502=CARTESIAN_POINT('',(-0.03715,0.02145,0.0002));
#4503=CARTESIAN_POINT('',(-0.03715,0.02145,0.0002));
#4504=CARTESIAN_POINT('',(-0.03,0.02105,0.0002));
#4505=CARTESIAN_POINT('',(-0.0298,0.02105,0.));
#4506=CARTESIAN_POINT('',(-0.03,-0.02205,0.0034));
#4507=CARTESIAN_POINT('',(-0.0302,-0.02225,0.0034));
#4508=CARTESIAN_POINT('',(-0.0302,-0.02225,0.0034));
#4509=CARTESIAN_POINT('',(-0.03715,0.02475,0.0034));
#4510=CARTESIAN_POINT('',(-0.0369501811594575,0.0270914893617022,0.0034));
#4511=CARTESIAN_POINT('',(-0.0369501402889518,0.0271583846489095,0.0034666564978898));
#4512=CARTESIAN_POINT('',(-0.0369500782430867,0.027225268919643,0.00353332402917395));
#4513=CARTESIAN_POINT('',(-0.03695,0.0272921447637773,0.0036));
#4514=CARTESIAN_POINT('',(-0.03715,0.0222,0.0036));
#4515=CARTESIAN_POINT('',(-0.0370503312586634,0.0223040041710682,0.0002));
#4516=CARTESIAN_POINT('',(-0.03715,0.021825,0.0002));
#4517=CARTESIAN_POINT('',(-0.03695,0.0222078552362228,0.));
#4518=CARTESIAN_POINT('',(-0.03,-0.000500000000000014,0.0002));
#4519=CARTESIAN_POINT('',(-0.03,-0.02205,0.0002));
#4520=CARTESIAN_POINT('',(-0.0302,-0.02225,0.0036));
#4521=CARTESIAN_POINT('',(-0.0302,-0.02225,0.0002));
#4522=CARTESIAN_POINT('',(-0.033575,-0.02225,0.0034));
#4523=CARTESIAN_POINT('',(-0.03695,-0.02235,0.0035));
#4524=CARTESIAN_POINT('',(-0.03695,0.0272921447637773,0.0036));
#4525=CARTESIAN_POINT('',(-0.0370503312586634,0.0271959958289318,0.0034));
#4526=CARTESIAN_POINT('',(-0.03695,0.0272921447637773,0.0036));
#4527=CARTESIAN_POINT('',(-0.03695,0.0222078552362228,0.));
#4528=CARTESIAN_POINT('',(-0.0369501811594575,0.0224085106382979,0.0002));
#4529=CARTESIAN_POINT('',(-0.0369501402889518,0.0223416153510906,0.000133343502110196));
#4530=CARTESIAN_POINT('',(-0.0369500782430867,0.0222747310803571,6.66759708260507E-5));
#4531=CARTESIAN_POINT('',(-0.03695,0.0222078552362228,1.98095678379191E-19));
#4532=CARTESIAN_POINT('',(-0.0302,-0.02225,0.0002));
#4533=CARTESIAN_POINT('',(-0.0302,-0.02245,0.));
#4534=CARTESIAN_POINT('',(-0.03715,-0.02245,0.0034));
#4535=CARTESIAN_POINT('',(-0.03715,-0.02245,0.0034));
#4536=CARTESIAN_POINT('',(-0.03715,-0.02245,0.0034));
#4537=CARTESIAN_POINT('',(-0.03695,0.000674999999999988,0.0036));
#4538=CARTESIAN_POINT('',(-0.03715,0.02805,0.0034));
#4539=CARTESIAN_POINT('',(-0.0369501811594575,0.0270914893617022,0.0036));
#4540=CARTESIAN_POINT('',(-0.03715,0.0273,0.0002));
#4541=CARTESIAN_POINT('',(-0.03715,0.02475,0.));
#4542=CARTESIAN_POINT('',(-0.03695,0.0272921447637773,0.));
#4543=CARTESIAN_POINT('',(-0.0369500782430867,0.027225268919643,6.66759708260505E-5));
#4544=CARTESIAN_POINT('',(-0.0369501402889518,0.0271583846489095,0.000133343502110196));
#4545=CARTESIAN_POINT('',(-0.0369501811594575,0.0270914893617022,0.0002));
#4546=CARTESIAN_POINT('',(4.28221948964903E-18,-0.02245,0.));
#4547=CARTESIAN_POINT('',(-0.03695,-0.02245,2.9114240156254E-19));
#4548=CARTESIAN_POINT('',(-0.03715,-0.02245,0.0036));
#4549=CARTESIAN_POINT('',(-0.03705,-0.02235,0.0002));
#4550=CARTESIAN_POINT('',(-0.03695,0.000674999999999988,0.0036));
#4551=CARTESIAN_POINT('',(-0.03695,-0.0232078552362227,0.0036));
#4552=CARTESIAN_POINT('',(-0.03715,0.02805,0.0034));
#4553=CARTESIAN_POINT('',(-0.03715,0.02805,0.0034));
#4554=CARTESIAN_POINT('',(-0.03695,0.02815,0.0035));
#4555=CARTESIAN_POINT('',(-0.03715,0.0273,0.0002));
#4556=CARTESIAN_POINT('',(-0.03715,0.0273,0.0002));
#4557=CARTESIAN_POINT('',(-0.03695,-0.02245,0.));
#4558=CARTESIAN_POINT('',(-0.03695,-0.02245,0.));
#4559=CARTESIAN_POINT('',(-0.03695,-0.0232078552362227,0.0036));
#4560=CARTESIAN_POINT('',(-0.0369501811594575,-0.0234085106382979,0.0034));
#4561=CARTESIAN_POINT('',(-0.0369501402889518,-0.0233416153510906,0.00346665649788981));
#4562=CARTESIAN_POINT('',(-0.0369500782430867,-0.023274731080357,0.00353332402917394));
#4563=CARTESIAN_POINT('',(-0.03695,-0.0232078552362227,0.0036));
#4564=CARTESIAN_POINT('',(-0.0370503312586634,-0.0233040041710682,0.0034));
#4565=CARTESIAN_POINT('',(-0.0215,-0.003125,0.0034));
#4566=CARTESIAN_POINT('',(-0.0143333333333333,-0.0128333333333333,-0.0037666666666667));
#4567=CARTESIAN_POINT('',(-0.0137916666666667,0.0122916666666667,-0.00430833333333333));
#4568=CARTESIAN_POINT('',(-6.93889390390723E-18,0.0202,0.0036));
#4569=CARTESIAN_POINT('',(-0.00633333333333336,0.0133333333333334,-0.00326666666666668));
#4570=CARTESIAN_POINT('',(-0.033575,0.02825,0.0034));
#4571=CARTESIAN_POINT('',(-0.0251921447637772,0.02805,0.0036));
#4572=CARTESIAN_POINT('',(-0.03715,0.02805,0.0036));
#4573=CARTESIAN_POINT('',(-0.03705,0.02815,0.0002));
#4574=CARTESIAN_POINT('',(-0.03715,0.027675,0.0002));
#4575=CARTESIAN_POINT('',(-0.03695,0.02805,0.));
#4576=CARTESIAN_POINT('',(-0.03715,-0.022825,0.0002));
#4577=CARTESIAN_POINT('',(-0.03715,-0.0232,0.0002));
#4578=CARTESIAN_POINT('',(-0.0369501811594575,-0.0234085106382979,0.0036));
#4579=CARTESIAN_POINT('',(-0.03715,-0.0232,0.0002));
#4580=CARTESIAN_POINT('',(-0.03715,-0.02575,0.0034));
#4581=CARTESIAN_POINT('',(-0.03695,-0.0282921447637773,0.0036));
#4582=CARTESIAN_POINT('',(-0.0369500782430867,-0.028225268919643,0.00353332402917395));
#4583=CARTESIAN_POINT('',(-0.0369501402889518,-0.0281583846489095,0.0034666564978898));
#4584=CARTESIAN_POINT('',(-0.0369501811594575,-0.0280914893617022,0.0034));
#4585=CARTESIAN_POINT('',(0.,-0.02,0.0034));
#4586=CARTESIAN_POINT('',(-0.00866666666666669,-0.0156666666666667,-0.000933333333333345));
#4587=CARTESIAN_POINT('',(-0.013,0.,0.0034));
#4588=CARTESIAN_POINT('',(-0.0088,0.03245,-0.0008));
#4589=CARTESIAN_POINT('',(-0.0251921447637772,0.02805,0.0036));
#4590=CARTESIAN_POINT('',(-0.0250959958289317,0.0281503312586633,0.0034));
#4591=CARTESIAN_POINT('',(-0.0251921447637772,0.02805,0.0036));
#4592=CARTESIAN_POINT('',(-0.025125268919643,0.0280500782430867,0.00353332402917395));
#4593=CARTESIAN_POINT('',(-0.0250583846489095,0.0280501402889518,0.0034666564978898));
#4594=CARTESIAN_POINT('',(-0.0249914893617021,0.0280501811594574,0.0034));
#4595=CARTESIAN_POINT('',(-0.03695,0.02805,0.));
#4596=CARTESIAN_POINT('',(-0.03695,0.02805,2.91142401562528E-19));
#4597=CARTESIAN_POINT('',(-0.03715,-0.0232,0.0002));
#4598=CARTESIAN_POINT('',(-0.03695,-0.0232078552362227,0.));
#4599=CARTESIAN_POINT('',(-0.0369500782430867,-0.023274731080357,6.6675970826058E-5));
#4600=CARTESIAN_POINT('',(-0.0369501402889518,-0.0233416153510906,0.000133343502110188));
#4601=CARTESIAN_POINT('',(-0.0369501811594575,-0.0234085106382979,0.0002));
#4602=CARTESIAN_POINT('',(-0.03715,-0.0283,0.0034));
#4603=CARTESIAN_POINT('',(-0.03715,-0.0283,0.0034));
#4604=CARTESIAN_POINT('',(-0.03715,-0.0283,0.0034));
#4605=CARTESIAN_POINT('',(-0.013,0.,0.0034));
#4606=CARTESIAN_POINT('',(-0.02275,-0.0195,0.01315));
#4607=CARTESIAN_POINT('',(-6.93889390390723E-18,0.02805,0.0036));
#4608=CARTESIAN_POINT('',(-0.0201040817383771,0.0281460759864797,0.00350392401352038));
#4609=CARTESIAN_POINT('',(-0.02265,0.02825,0.0034));
#4610=CARTESIAN_POINT('',(-0.0203085106382978,0.0280501811594574,0.0034));
#4611=CARTESIAN_POINT('',(-0.0202416153510905,0.0280501402889518,0.0034666564978898));
#4612=CARTESIAN_POINT('',(-0.020174731080357,0.0280500782430867,0.00353332402917395));
#4613=CARTESIAN_POINT('',(-0.0201078552362228,0.02805,0.0036));
#4614=CARTESIAN_POINT('',(-0.0252,0.02825,0.0036));
#4615=CARTESIAN_POINT('',(-0.0249914893617021,0.0280501811594574,0.0002));
#4616=CARTESIAN_POINT('',(-2.02222659751981E-17,0.02805,0.));
#4617=CARTESIAN_POINT('',(-0.0251959182616229,0.0281460759864796,9.60759864796367E-5));
#4618=CARTESIAN_POINT('',(-0.03715,-0.02575,0.));
#4619=CARTESIAN_POINT('',(-0.0369501811594575,-0.0280914893617022,0.0002));
#4620=CARTESIAN_POINT('',(-0.0369501402889518,-0.0281583846489095,0.000133343502110197));
#4621=CARTESIAN_POINT('',(-0.0369500782430867,-0.028225268919643,6.66759708260495E-5));
#4622=CARTESIAN_POINT('',(-0.03695,-0.0282921447637773,1.91107520198692E-19));
#4623=CARTESIAN_POINT('',(-0.03715,-0.0283,0.0036));
#4624=CARTESIAN_POINT('',(-0.0370503312586634,-0.0281959958289317,0.0002));
#4625=CARTESIAN_POINT('',(-0.03695,0.000674999999999988,0.0036));
#4626=CARTESIAN_POINT('',(-0.03705,-0.02905,0.0035));
#4627=CARTESIAN_POINT('',(-6.93889390390723E-18,-0.02905,0.0036));
#4628=CARTESIAN_POINT('',(-0.03695,-0.02925,0.0034));
#4629=CARTESIAN_POINT('',(-0.0203085106382978,0.0280501811594574,0.0034));
#4630=CARTESIAN_POINT('',(-0.0203085106382978,0.0280501811594574,0.0034));
#4631=CARTESIAN_POINT('',(-0.0249914893617021,0.0280501811594574,0.0002));
#4632=CARTESIAN_POINT('',(-0.0249914893617021,0.0280501811594574,0.0002));
#4633=CARTESIAN_POINT('',(-0.0250583846489095,0.0280501402889518,0.000133343502110197));
#4634=CARTESIAN_POINT('',(-0.025125268919643,0.0280500782430867,6.66759708260506E-5));
#4635=CARTESIAN_POINT('',(-0.0251921447637772,0.02805,8.33684398980073E-19));
#4636=CARTESIAN_POINT('',(-0.03695,-0.0282921447637773,0.));
#4637=CARTESIAN_POINT('',(-0.03695,-0.0282921447637773,0.));
#4638=CARTESIAN_POINT('',(-0.03695,-0.02925,0.0034));
#4639=CARTESIAN_POINT('',(-0.03695,-0.02925,0.0034));
#4640=CARTESIAN_POINT('',(-0.0203085106382978,0.0280501811594574,0.0036));
#4641=CARTESIAN_POINT('',(-0.0202040041710683,0.0281503312586634,0.0002));
#4642=CARTESIAN_POINT('',(-0.02265,0.02825,0.));
#4643=CARTESIAN_POINT('',(-0.0201078552362228,0.02805,0.));
#4644=CARTESIAN_POINT('',(-0.020174731080357,0.0280500782430867,6.66759708260488E-5));
#4645=CARTESIAN_POINT('',(-0.0202416153510905,0.0280501402889518,0.000133343502110198));
#4646=CARTESIAN_POINT('',(-0.0203085106382978,0.0280501811594574,0.0002));
#4647=CARTESIAN_POINT('',(-0.03715,-0.028675,0.0002));
#4648=CARTESIAN_POINT('',(-0.03715,-0.02905,0.0002));
#4649=CARTESIAN_POINT('',(-0.03695,-0.02925,0.0036));
#4650=CARTESIAN_POINT('',(-0.03715,-0.02905,0.0002));
#4651=CARTESIAN_POINT('',(-0.0201078552362228,0.02805,0.));
#4652=CARTESIAN_POINT('',(-0.0201078552362228,0.02805,0.));
#4653=CARTESIAN_POINT('',(-0.03715,-0.02905,0.0002));
#4654=CARTESIAN_POINT('',(-0.03695,-0.02915,0.0001));
#4655=CARTESIAN_POINT('',(0.0217,0.000674999999999984,0.0036));
#4656=CARTESIAN_POINT('',(0.0143333333333334,-0.0128333333333334,-0.00376666666666668));
#4657=CARTESIAN_POINT('',(0.0151916666666667,0.0136916666666667,-0.00290833333333337));
#4658=CARTESIAN_POINT('',(-6.93889390390723E-18,0.0202,0.0036));
#4659=CARTESIAN_POINT('',(0.0066916666666667,0.0136916666666667,-0.00290833333333335));
#4660=CARTESIAN_POINT('',(0.033575,0.02825,0.0002));
#4661=CARTESIAN_POINT('',(0.03695,0.02815,0.0001));
#4662=CARTESIAN_POINT('',(1.7347234759768E-18,-0.02925,0.0002));
#4663=CARTESIAN_POINT('',(0.03695,-0.02905,0.));
#4664=CARTESIAN_POINT('',(0.,-0.02,0.0034));
#4665=CARTESIAN_POINT('',(0.00866666666666669,-0.0156666666666667,-0.000933333333333342));
#4666=CARTESIAN_POINT('',(0.0132,0.000674999999999986,0.0036));
#4667=CARTESIAN_POINT('',(0.0088,0.03245,-0.000800000000000013));
#4668=CARTESIAN_POINT('',(0.03715,0.02805,0.0002));
#4669=CARTESIAN_POINT('',(0.03715,0.02805,0.0002));
#4670=CARTESIAN_POINT('',(0.03715,0.02805,0.0002));
#4671=CARTESIAN_POINT('',(0.03695,-0.02905,0.));
#4672=CARTESIAN_POINT('',(0.03705,-0.02915,0.0002));
#4673=CARTESIAN_POINT('',(0.03695,-0.02905,0.));
#4674=CARTESIAN_POINT('',(0.0132,0.000674999999999986,0.0036));
#4675=CARTESIAN_POINT('',(0.0231083333333333,-0.0191416666666667,0.0135083333333334));
#4676=CARTESIAN_POINT('',(-6.93889390390723E-18,0.02805,0.0036));
#4677=CARTESIAN_POINT('',(0.03695,0.02825,0.0034));
#4678=CARTESIAN_POINT('',(0.03695,0.02825,0.0036));
#4679=CARTESIAN_POINT('',(0.03695,0.02825,0.0034));
#4680=CARTESIAN_POINT('',(0.03695,0.000674999999999988,0.));
#4681=CARTESIAN_POINT('',(0.03695,0.0272921447637773,0.));
#4682=CARTESIAN_POINT('',(0.03695,0.000674999999999988,0.));
#4683=CARTESIAN_POINT('',(0.03715,-0.0283,0.0002));
#4684=CARTESIAN_POINT('',(0.03715,-0.02905,0.0036));
#4685=CARTESIAN_POINT('',(0.03705,-0.02915,0.0034));
#4686=CARTESIAN_POINT('',(-6.93889390390723E-18,-0.02905,0.0036));
#4687=CARTESIAN_POINT('',(0.03695,-0.02905,0.0036));
#4688=CARTESIAN_POINT('',(0.03695,0.02825,0.0034));
#4689=CARTESIAN_POINT('',(0.03705,0.02805,0.0035));
#4690=CARTESIAN_POINT('',(0.03695,0.0272921447637773,0.));
#4691=CARTESIAN_POINT('',(0.0369501811594575,0.0270914893617022,0.0002));
#4692=CARTESIAN_POINT('',(0.0369501402889518,0.0271583846489095,0.000133343502110196));
#4693=CARTESIAN_POINT('',(0.0369500782430867,0.027225268919643,6.66759708260507E-5));
#4694=CARTESIAN_POINT('',(0.03695,0.0272921447637773,1.98095678379191E-19));
#4695=CARTESIAN_POINT('',(0.0370503312586634,0.0271959958289318,0.0002));
#4696=CARTESIAN_POINT('',(0.03715,-0.0283,0.0002));
#4697=CARTESIAN_POINT('',(0.03715,-0.0283,0.0002));
#4698=CARTESIAN_POINT('',(0.03695,-0.0282921447637772,0.));
#4699=CARTESIAN_POINT('',(0.0369500782430867,-0.0282252689196429,6.66759708260493E-5));
#4700=CARTESIAN_POINT('',(0.0369501402889518,-0.0281583846489094,0.000133343502110197));
#4701=CARTESIAN_POINT('',(0.0369501811594575,-0.0280914893617021,0.0002));
#4702=CARTESIAN_POINT('',(0.03695,-0.02905,0.0036));
#4703=CARTESIAN_POINT('',(0.03695,-0.02905,0.0036));
#4704=CARTESIAN_POINT('',(0.03715,0.027675,0.0034));
#4705=CARTESIAN_POINT('',(0.03715,0.0273,0.0034));
#4706=CARTESIAN_POINT('',(0.03715,0.0273,0.0036));
#4707=CARTESIAN_POINT('',(0.03715,0.0273,0.0034));
#4708=CARTESIAN_POINT('',(0.03715,0.02475,0.));
#4709=CARTESIAN_POINT('',(0.03695,0.0222078552362228,0.));
#4710=CARTESIAN_POINT('',(0.0369500782430867,0.0222747310803571,6.66759708260505E-5));
#4711=CARTESIAN_POINT('',(0.0369501402889518,0.0223416153510906,0.000133343502110196));
#4712=CARTESIAN_POINT('',(0.0369501811594575,0.0224085106382979,0.0002));
#4713=CARTESIAN_POINT('',(0.03715,-0.02575,0.));
#4714=CARTESIAN_POINT('',(0.0369501811594575,-0.0234085106382979,0.0002));
#4715=CARTESIAN_POINT('',(0.0369501402889518,-0.0233416153510905,0.000133343502110196));
#4716=CARTESIAN_POINT('',(0.0369500782430867,-0.023274731080357,6.667597082605E-5));
#4717=CARTESIAN_POINT('',(0.03695,-0.0232078552362227,1.91107520198692E-19));
#4718=CARTESIAN_POINT('',(0.0369501811594575,-0.0280914893617021,0.0036));
#4719=CARTESIAN_POINT('',(0.0370503312586634,-0.0281959958289317,0.0034));
#4720=CARTESIAN_POINT('',(0.03715,-0.028675,0.0034));
#4721=CARTESIAN_POINT('',(0.03695,-0.0282921447637772,0.0036));
#4722=CARTESIAN_POINT('',(0.03715,0.0273,0.0034));
#4723=CARTESIAN_POINT('',(0.03695,0.0272921447637773,0.0036));
#4724=CARTESIAN_POINT('',(0.0369500782430867,0.027225268919643,0.00353332402917395));
#4725=CARTESIAN_POINT('',(0.0369501402889518,0.0271583846489095,0.0034666564978898));
#4726=CARTESIAN_POINT('',(0.0369501811594575,0.0270914893617022,0.0034));
#4727=CARTESIAN_POINT('',(0.03715,0.0222,0.0002));
#4728=CARTESIAN_POINT('',(0.03715,0.0222,0.0002));
#4729=CARTESIAN_POINT('',(0.03715,0.0222,0.0002));
#4730=CARTESIAN_POINT('',(0.03695,-0.0232078552362227,0.));
#4731=CARTESIAN_POINT('',(0.0370503312586634,-0.0233040041710682,0.0002));
#4732=CARTESIAN_POINT('',(0.03695,-0.0232078552362227,0.));
#4733=CARTESIAN_POINT('',(0.03695,-0.0282921447637772,0.0036));
#4734=CARTESIAN_POINT('',(0.0369501811594575,-0.0280914893617021,0.0034));
#4735=CARTESIAN_POINT('',(0.0369501402889518,-0.0281583846489094,0.0034666564978898));
#4736=CARTESIAN_POINT('',(0.0369500782430867,-0.0282252689196429,0.00353332402917395));
#4737=CARTESIAN_POINT('',(0.03695,-0.0282921447637772,0.0036));
#4738=CARTESIAN_POINT('',(0.03715,0.02475,0.0034));
#4739=CARTESIAN_POINT('',(0.0369501811594575,0.0224085106382979,0.0034));
#4740=CARTESIAN_POINT('',(0.0369501402889518,0.0223416153510906,0.0034666564978898));
#4741=CARTESIAN_POINT('',(0.0369500782430867,0.0222747310803571,0.00353332402917395));
#4742=CARTESIAN_POINT('',(0.03695,0.0222078552362228,0.0036));
#4743=CARTESIAN_POINT('',(0.0369501811594575,0.0224085106382979,0.0036));
#4744=CARTESIAN_POINT('',(0.0370503312586634,0.0223040041710682,0.0034));
#4745=CARTESIAN_POINT('',(0.03695,0.000674999999999988,0.));
#4746=CARTESIAN_POINT('',(0.03695,0.02145,0.));
#4747=CARTESIAN_POINT('',(0.03695,0.000674999999999988,0.));
#4748=CARTESIAN_POINT('',(0.03715,-0.02245,0.0002));
#4749=CARTESIAN_POINT('',(0.03715,-0.0232,0.0036));
#4750=CARTESIAN_POINT('',(0.03715,-0.0232,0.0034));
#4751=CARTESIAN_POINT('',(0.03715,-0.02575,0.0034));
#4752=CARTESIAN_POINT('',(0.03695,-0.0232078552362227,0.0036));
#4753=CARTESIAN_POINT('',(0.0369500782430867,-0.023274731080357,0.00353332402917395));
#4754=CARTESIAN_POINT('',(0.0369501402889518,-0.0233416153510905,0.0034666564978898));
#4755=CARTESIAN_POINT('',(0.0369501811594575,-0.0234085106382979,0.0034));
#4756=CARTESIAN_POINT('',(0.03695,0.0222078552362228,0.0036));
#4757=CARTESIAN_POINT('',(0.03695,0.0222078552362228,0.0036));
#4758=CARTESIAN_POINT('',(0.03695,0.02145,0.));
#4759=CARTESIAN_POINT('',(0.03695,0.02145,0.));
#4760=CARTESIAN_POINT('',(0.03705,0.02135,0.0002));
#4761=CARTESIAN_POINT('',(0.03715,-0.02245,0.0002));
#4762=CARTESIAN_POINT('',(0.03715,-0.02245,0.0002));
#4763=CARTESIAN_POINT('',(0.03695,-0.02235,0.0001));
#4764=CARTESIAN_POINT('',(0.03715,-0.0232,0.0034));
#4765=CARTESIAN_POINT('',(0.03715,-0.0232,0.0034));
#4766=CARTESIAN_POINT('',(0.03715,0.021825,0.0034));
#4767=CARTESIAN_POINT('',(0.03715,0.02145,0.0034));
#4768=CARTESIAN_POINT('',(0.03715,0.02145,0.0036));
#4769=CARTESIAN_POINT('',(0.03715,0.02145,0.0034));
#4770=CARTESIAN_POINT('',(-6.93889390390723E-18,0.02145,0.));
#4771=CARTESIAN_POINT('',(0.0302,0.02145,0.));
#4772=CARTESIAN_POINT('',(0.033575,-0.02225,0.0002));
#4773=CARTESIAN_POINT('',(0.0302,-0.02225,0.0002));
#4774=CARTESIAN_POINT('',(0.03695,-0.02225,0.0036));
#4775=CARTESIAN_POINT('',(0.03705,-0.02235,0.0034));
#4776=CARTESIAN_POINT('',(0.03715,-0.022825,0.0034));
#4777=CARTESIAN_POINT('',(0.03695,-0.02245,0.0036));
#4778=CARTESIAN_POINT('',(0.03715,0.02145,0.0034));
#4779=CARTESIAN_POINT('',(0.03695,0.02135,0.0035));
#4780=CARTESIAN_POINT('',(0.0302,0.02125,0.0002));
#4781=CARTESIAN_POINT('',(0.0302,0.02125,0.0002));
#4782=CARTESIAN_POINT('',(0.03,0.02105,0.0002));
#4783=CARTESIAN_POINT('',(0.03,-0.02205,0.0002));
#4784=CARTESIAN_POINT('',(0.0298,-0.02205,0.));
#4785=CARTESIAN_POINT('',(0.03,-0.02205,0.0002));
#4786=CARTESIAN_POINT('',(0.03695,-0.02245,0.0036));
#4787=CARTESIAN_POINT('',(0.03695,-0.02245,0.0036));
#4788=CARTESIAN_POINT('',(0.033575,0.02125,0.0034));
#4789=CARTESIAN_POINT('',(0.0302,0.02125,0.0034));
#4790=CARTESIAN_POINT('',(0.0302,0.02125,0.0036));
#4791=CARTESIAN_POINT('',(0.0302,0.02125,0.0034));
#4792=CARTESIAN_POINT('',(0.0298,0.000674999999999988,0.));
#4793=CARTESIAN_POINT('',(0.0298544065053175,0.00995469718038123,5.44065053174433E-5));
#4794=CARTESIAN_POINT('',(0.03215,0.00775,0.));
#4795=CARTESIAN_POINT('',(0.0298,0.00557801933710267,0.));
#4796=CARTESIAN_POINT('',(0.0298229202399169,0.00565277704395408,6.75733929651661E-5));
#4797=CARTESIAN_POINT('',(0.0298448875838265,0.00572848046619121,0.000134381854848447));
#4798=CARTESIAN_POINT('',(0.0298653721169472,0.00580565552538196,0.0002));
#4799=CARTESIAN_POINT('',(0.0298653721169472,0.00969434447461806,0.0002));
#4800=CARTESIAN_POINT('',(0.0298448875838265,0.00977151953380881,0.000134381854848445));
#4801=CARTESIAN_POINT('',(0.0298229202399169,0.00984722295604594,6.75733929651656E-5));
#4802=CARTESIAN_POINT('',(0.0298,0.00992198066289735,-2.62104679998558E-18));
#4803=CARTESIAN_POINT('',(0.0298,0.000674999999999988,0.));
#4804=CARTESIAN_POINT('',(0.0298,0.00557801933710268,3.75203780150533E-18));
#4805=CARTESIAN_POINT('',(0.03,-0.02205,0.0036));
#4806=CARTESIAN_POINT('',(0.03,-0.02205,0.0034));
#4807=CARTESIAN_POINT('',(-6.93889390390723E-18,-0.02245,0.0036));
#4808=CARTESIAN_POINT('',(0.0302,-0.02245,0.0036));
#4809=CARTESIAN_POINT('',(0.03,0.02105,0.0034));
#4810=CARTESIAN_POINT('',(0.0298,0.02105,0.0036));
#4811=CARTESIAN_POINT('',(0.0298653721169472,0.00969434447461806,0.0002));
#4812=CARTESIAN_POINT('',(0.0298653721169472,0.00969434447461806,0.0002));
#4813=CARTESIAN_POINT('',(0.0298,0.00557801933710267,0.));
#4814=CARTESIAN_POINT('',(0.0299334733540629,0.00562966944896915,0.0002));
#4815=CARTESIAN_POINT('',(0.0302,-0.02225,0.0034));
#4816=CARTESIAN_POINT('',(0.03,-0.02205,0.0034));
#4817=CARTESIAN_POINT('',(0.03,0.0155461237976454,0.0034));
#4818=CARTESIAN_POINT('',(0.0298,0.00992198066289735,0.0036));
#4819=CARTESIAN_POINT('',(0.03,0.0100422475952908,0.0036));
#4820=CARTESIAN_POINT('',(0.0299334733540629,0.00987033055103088,0.0034));
#4821=CARTESIAN_POINT('',(0.0298653721169472,0.00580565552538196,0.0036));
#4822=CARTESIAN_POINT('',(0.0298653721169472,0.00580565552538196,0.0034));
#4823=CARTESIAN_POINT('',(0.03,-0.00829612379764538,0.0034));
#4824=CARTESIAN_POINT('',(0.0298544065053175,0.00554530281961879,0.00354559349468255));
#4825=CARTESIAN_POINT('',(0.0298,0.00992198066289736,0.0036));
#4826=CARTESIAN_POINT('',(0.0298,0.00992198066289736,0.0036));
#4827=CARTESIAN_POINT('',(0.0298229202399169,0.00984722295604595,0.00353242660703483));
#4828=CARTESIAN_POINT('',(0.0298448875838265,0.00977151953380881,0.00346561814515155));
#4829=CARTESIAN_POINT('',(0.0298653721169472,0.00969434447461806,0.0034));
#4830=CARTESIAN_POINT('',(0.0298653721169472,0.00580565552538196,0.0034));
#4831=CARTESIAN_POINT('',(0.0298653721169472,0.00580565552538196,0.0034));
#4832=CARTESIAN_POINT('',(0.0298448875838265,0.00572848046619122,0.00346561814515155));
#4833=CARTESIAN_POINT('',(0.0298229202399169,0.00565277704395408,0.00353242660703483));
#4834=CARTESIAN_POINT('',(0.0298,0.00557801933710267,0.0036));
#4835=CARTESIAN_POINT('',(0.03215,0.00775,0.0034));
#4836=CARTESIAN_POINT('',(-0.02715,0.00775,0.009));
#4837=CARTESIAN_POINT('',(-0.02715,0.00775,0.0039));
#4838=CARTESIAN_POINT('',(-0.02715,0.00775,0.0087));
#4839=CARTESIAN_POINT('',(-0.02465,0.00775,0.0087));
#4840=CARTESIAN_POINT('',(-6.93889390390723E-18,0.000674999999999988,0.009));
#4841=CARTESIAN_POINT('',(-0.02715,0.00775,0.009));
#4842=CARTESIAN_POINT('',(-0.02595,0.00775,0.009));
#4843=CARTESIAN_POINT('',(-0.02715,0.00775,0.009));
#4844=CARTESIAN_POINT('',(-0.02495,0.00775,0.009));
#4845=CARTESIAN_POINT('',(-0.02715,0.01975,0.009));
#4846=CARTESIAN_POINT('',(-0.02715,0.01975,0.0039));
#4847=CARTESIAN_POINT('',(-0.02715,0.01975,0.0087));
#4848=CARTESIAN_POINT('',(-0.02465,0.01975,0.0087));
#4849=CARTESIAN_POINT('',(-6.93889390390723E-18,0.000674999999999988,0.009));
#4850=CARTESIAN_POINT('',(-0.02715,0.01975,0.009));
#4851=CARTESIAN_POINT('',(-0.02595,0.01975,0.009));
#4852=CARTESIAN_POINT('',(-0.02715,0.01975,0.009));
#4853=CARTESIAN_POINT('',(-0.02495,0.01975,0.009));
#4854=CARTESIAN_POINT('',(-0.02715,0.01975,0.009));
#4855=CARTESIAN_POINT('',(-0.02715,0.01975,0.0087));
#4856=CARTESIAN_POINT('',(-0.02625,0.01975,0.0087));
#4857=CARTESIAN_POINT('',(-0.02715,0.00775,0.009));
#4858=CARTESIAN_POINT('',(-0.02715,0.00775,0.0087));
#4859=CARTESIAN_POINT('',(-0.02625,0.00775,0.0087));
#4860=CARTESIAN_POINT('',(-0.02715,0.00775,0.009));
#4861=CARTESIAN_POINT('',(-0.02715,0.01975,0.009));
#4862=CARTESIAN_POINT('',(-0.02715,0.00775,0.0036));
#4863=CARTESIAN_POINT('',(-0.02715,0.01975,0.0036));
#4864=CARTESIAN_POINT('',(-0.02715,0.00775,0.009));
#4865=CARTESIAN_POINT('',(-0.02715,0.01975,0.009));
#4866=MECHANICAL_DESIGN_GEOMETRIC_PRESENTATION_REPRESENTATION('',(#2941),
#4867);
#4867=(
GEOMETRIC_REPRESENTATION_CONTEXT(3)
GLOBAL_UNCERTAINTY_ASSIGNED_CONTEXT((#4868))
GLOBAL_UNIT_ASSIGNED_CONTEXT((#4871,#4870,#4869))
REPRESENTATION_CONTEXT('DMG154OLEDBRACKETUSBA',
'TOP_LEVEL_ASSEMBLY_PART')
);
#4868=UNCERTAINTY_MEASURE_WITH_UNIT(LENGTH_MEASURE(2.E-5),#4871,
'DISTANCE_ACCURACY_VALUE','Maximum Tolerance applied to model');
#4869=(
NAMED_UNIT(*)
SI_UNIT($,.STERADIAN.)
SOLID_ANGLE_UNIT()
);
#4870=(
NAMED_UNIT(*)
PLANE_ANGLE_UNIT()
SI_UNIT($,.RADIAN.)
);
#4871=(
LENGTH_UNIT()
NAMED_UNIT(*)
SI_UNIT($,.METRE.)
);
#4872=PRODUCT_DEFINITION_SHAPE('','',#4873);
#4873=PRODUCT_DEFINITION('','',#4875,#4874);
#4874=PRODUCT_DEFINITION_CONTEXT('',#4881,'design');
#4875=PRODUCT_DEFINITION_FORMATION_WITH_SPECIFIED_SOURCE('','',#4877,
 .NOT_KNOWN.);
#4876=PRODUCT_RELATED_PRODUCT_CATEGORY('','',(#4877));
#4877=PRODUCT('DMG154OLEDBRACKETUSBA','DMG154OLEDBRACKETUSBA',
'DMG154OLEDBRACKETUSBA',(#4879));
#4878=PRODUCT_CATEGORY('','');
#4879=PRODUCT_CONTEXT('',#4881,'mechanical');
#4880=APPLICATION_PROTOCOL_DEFINITION('international standard',
'ap242_managed_model_based_3d_engineering',2020,#4881);
#4881=APPLICATION_CONTEXT('managed model based 3d engineering');
ENDSEC;
END-ISO-10303-21;
